xplane,yplane,xrocket,yrocket,vc,xnc,xnt,rtm,time
40000,12000,0,0,3944.03310871154,3448.54574153893,0,41761.2260356422,
40000,12000,0,0,3944.03310871154,3448.54574153893,0,41761.2260356422,
39960,11999.99,55.14862,24.00874,3943.92856695194,3451.71207085144,0,41722.9133965374,
39936.28,11999.99,87.94689,37.92606,3943.93140640546,3451.62611131038,0,41640.4736732025,
39900.43,11999.99,137.4037,59.32975,3943.87278501817,3453.40030906187,0,41570.7246100303,
39867.66,11999.99,182.6474,78.82176,3943.8437937728,3454.27738012143,0,41485.808030314,
39836.81,11999.99,225.2372,97.12021,3943.81411823106,3455.17490695151,0,41407.3296267911,
39804,11999.99,270.5304,116.648,3943.77560553357,3456.33933950975,0,41329.8489104363,
39771.02,11999.99,316.0442,136.283,3943.74017284619,3457.41027796764,0,41249.2679800987,
39737.88,11999.99,361.7732,156.0227,3943.7045281258,3458.48726769578,0,41168.2932831951,
39704.76,11999.99,407.4695,175.7545,3943.66914390471,3459.55603239277,0,41087.1031367102,
39669.95,11999.99,455.4859,196.5518,3943.62909068288,3460.76539682773,0,41004.3252464777,
39636.61,11999.99,501.4791,216.4332,3943.59608579376,3461.76160522314,0,40920.4302085435,
39604.12,11999.99,546.3124,235.794,3943.56247710121,3462.7757240383,0,40839.5463450494,
39569.79,11999.99,593.6566,256.3064,3943.52224420244,3463.98930659372,0,40758.1675278931,
39536.22,11999.99,639.9581,276.35,3943.48743154767,3465.03902685521,0,40674.780282096,
39505.49,11999.99,682.3667,294.632,3943.45877183149,3465.90296013923,0,40595.241157665,
39472.15,11999.99,728.3603,314.5492,3943.41758638603,3467.14407276601,0,40517.4343470337,
39440.29,11999.99,772.313,333.5443,3943.38527910271,3468.11731219836,0,40437.1462172896,
39407.24,11999.99,817.8925,353.2869,3943.34681869786,3469.27553076634,0,40357.9421852771,
39374.04,11999.99,863.6729,373.1283,3943.31010801727,3470.38067189194,0,40276.8220595769,
39340.74,11999.99,909.5923,393.0406,3943.27329963099,3471.48837694057,0,40195.3820684322,
39307.87,11999.99,954.9239,412.6917,3943.23776997492,3472.55724199496,0,40114.1977072883,
39275.25,11999.99,999.8981,432.1867,3943.20203970857,3473.63178772099,0,40033.9003824341,
39241.75,11999.99,1046.084,452.2424,3943.16325739679,3474.79771823407,0,39953.1438330043,
39208.22,11999.99,1092.311,472.3246,3943.12600134521,3475.91737048635,0,39871.03349984,
39175.36,11999.99,1137.614,491.9916,3943.09058654161,3476.98133067325,0,39789.5214503795,
39139.64,11999.99,1186.83,513.463,3943.04578468521,3478.32680596003,0,39706.2777324077,
39105.25,11999.99,1234.24,534.1107,3943.01019544948,3479.39521438728,0,39620.0277085735,
39074.8,11999.99,1276.222,552.2862,3942.98299760575,3480.21147227674,0,39539.5341260875,
39041.9,11999.99,1321.573,572.0043,3942.94111421742,3481.46807061285,0,39462.5962030224,
39008.27,11999.99,1367.922,592.1871,3942.90179611977,3482.64726326225,0,39381.2912689255,
38975.93,11999.99,1412.5,611.5661,3942.86746303174,3483.67660106558,0,39300.1326999908,
38943.29,11999.99,1457.493,631.1422,3942.82962474017,3484.81065161358,0,39220.6100838979,
38910.45,11999.99,1502.752,650.8476,3942.79172272732,3485.94621653422,0,39140.4437537514,
38878.57,11999.99,1546.69,669.9551,3942.75686096354,3486.9903448663,0,39060.9077640058,
38845.5,11999.99,1592.254,689.8152,3942.71659042033,3488.19605306115,0,38981.6719863359,
38812.52,11999.99,1637.688,709.6225,3942.67885133904,3489.32556443345,0,38900.7515651704,
38778.52,11999.99,1684.526,730.0834,3942.63786169554,3490.55192070373,0,38818.9885208787,
38746.1,11999.99,1729.191,749.5534,3942.60340372165,3491.58250165123,0,38737.207367625,
38713.02,11999.99,1774.761,769.4461,3942.56373448184,3492.76854026681,0,38657.1592978828,
38680.34,11999.99,1819.781,789.0933,3942.52645297348,3493.88279755521,0,38576.5059076124,
38646.18,11999.99,1866.819,809.6779,3942.48396190353,3495.15229324156,0,38495.0381658884,
38613.13,11999.99,1912.349,829.5748,3942.44757971348,3496.23888358169,0,38412.4202511204,
38580.07,11999.99,1957.867,849.4741,3942.40885780284,3497.39495535668,0,38331.4523286879,
38546.72,11999.99,2003.801,869.5724,3942.36912037232,3498.58092142073,0,38250.2030428405,
38513.63,11999.99,2049.372,889.5114,3942.33067147835,3499.7280218252,0,38168.749810619,
38480.6,11999.99,2094.848,909.4145,3942.29176419966,3500.88838859204,0,38087.7546402576,
38447.62,11999.99,2140.262,929.2961,3942.25274369998,3502.05171895646,0,38006.901433446,
38414.2,11999.99,2186.267,949.4589,3942.2122373617,3503.25890991033,0,37925.7008860281,
38381.05,11999.99,2231.896,969.4555,3942.17332824864,3504.41808059588,0,37844.1118515328,
38348.18,11999.99,2277.147,989.2853,3942.13455927742,3505.57266832972,0,37763.1944497436,
38314.77,11999.99,2323.14,1009.466,3942.09192982256,3506.79412759377,-0.00167472685225617,37682.1688380446,
38282.02,11999.99,2368.217,1029.23,3942.04933293872,3507.92211120509,-0.00492441833354768,37600.970075636,
38248.52,11999.99,2414.325,1049.48,3941.99831745201,3509.15841366622,-0.00993277229608386,37520.0460128994,
38215.33,11999.99,2460.009,1069.541,3941.94360231361,3510.31737700187,-0.0165476964506521,37438.2887766908,
38182.27,11999.99,2505.5,1089.52,3941.88095837599,3511.47931196974,-0.0247740757888077,37357.1277721749,
38149.41,11999.99,2550.739,1109.391,3941.80942625894,3512.62834353734,-0.0345757462896266,37276.3492588788,
38116.08,11999.99,2596.6,1129.557,3941.72531006613,3513.82342205433,-0.0461803050050453,37195.410536375,
38083.29,11999.99,2641.727,1149.391,3941.63168286233,3514.93331808992,-0.0592113935027131,37114.3029478359,
38050.13,11999.99,2687.374,1169.473,3941.52196654669,3516.10229503098,-0.0740457057481219,37033.6349379255,
38016.8,11999.99,2733.233,1189.661,3941.39720863116,3517.25067808329,-0.0906170091283488,36952.2476566529,
37983.8,11999.99,2778.66,1209.655,3941.25702853341,3518.34819313113,-0.108667571052618,36870.9302054661,
37950.75,11999.98,2824.145,1229.684,3941.09776886648,3519.45629900964,-0.128382152212153,36790.0450236741,
37917.49,11999.98,2869.932,1249.861,3940.91799782448,3520.56718251234,-0.14989204381016,36708.8880505879,
37883.75,11999.98,2916.382,1270.352,3940.7154399963,3521.69154272403,-0.173427211363916,36626.9372813645,
37851.22,11999.98,2961.175,1290.081,3940.49524958869,3522.6562012465,-0.197709544532056,36545.4260975984,
37818.45,11999.98,3006.311,1309.976,3940.24748296481,3523.70331100397,-0.223795625029012,36465.4864339272,
37785.45,11999.98,3051.772,1330.029,3939.97371903364,3524.73623883931,-0.251711562492765,36384.9492259432,
37750.8,11999.98,3099.499,1351.143,3939.66655758684,3525.88399232137,-0.282836769125247,36302.4823376175,
37719.32,11999.98,3142.899,1370.252,3939.34556480041,3526.60785619807,-0.312618116580735,36220.5669906833,
37686.22,11999.98,3188.513,1390.395,3938.98192996935,3527.6632138168,-0.345580828541152,36141.8391418538,
37653.29,11999.98,3233.94,1410.456,3938.59188397926,3528.57618095448,-0.378618066364161,36060.8344796149,
37620.4,11999.98,3279.308,1430.495,3938.17122649958,3529.46923693795,-0.411613461726538,35980.0860515827,
37587.16,11999.98,3325.172,1450.771,3937.71857870125,3530.37316776632,-0.444974401199452,35899.0679346271,
37554.19,11999.98,3370.699,1470.896,3937.23698648115,3531.20586395267,-0.478089013301961,35817.7537203506,
37520.86,11999.98,3416.731,1491.261,3936.72277095069,3532.06431733564,-0.511575487607352,35736.4699084601,
37487.68,11999.98,3462.588,1511.549,3936.17907751175,3532.86078785167,-0.544934847557179,35654.7719553554,
37454.9,11999.98,3507.91,1531.593,3935.60594342195,3533.60380066985,-0.577903398477666,35573.652562565,
37422.43,11999.98,3552.85,1551.464,3935.00266848387,3534.32102236689,-0.610594039016597,35493.4032598492,
37389.59,11999.98,3598.308,1571.581,3934.36705391857,3535.06721089437,-0.643665225410096,35413.2285561416,
37356.74,11999.98,3643.819,1591.726,3933.70169771186,3535.76667077077,-0.676776678466431,35332.4691881495,
37323.23,11999.98,3690.271,1612.315,3933.00309447416,3536.50282902728,-0.710577377283208,35251.0208113335,
37291.35,11999.98,3734.502,1631.872,3932.28170984465,3537.01373801466,-0.742753257208697,35170.1042935043,
37257.86,11999.98,3780.984,1652.483,3931.52000186032,3537.76371466131,-0.776579220944278,35090.0776532867,
37225.92,11999.98,3825.371,1672.12,3930.73744238192,3538.23223508326,-0.808871158563725,35009.0638315688,
37192.18,11999.98,3872.275,1692.935,3929.9138319562,3538.95285645326,-0.843007401728265,34928.6266195291,
37160.08,11999.98,3916.957,1712.716,3929.06999465961,3539.36877796765,-0.875517246478431,34846.9996041531,
37127.23,11999.98,3962.72,1733.004,3928.18900666195,3539.94367595201,-0.908819762223594,34767.0841812165,
37094.32,11999.98,4008.611,1753.355,3927.27889314111,3540.44853352276,-0.942217019551627,34685.9250077855,
37062.69,11999.98,4052.762,1772.897,3926.34357483455,3540.7989725543,-0.974340000354878,34605.8552756141,
37029.39,11999.98,4099.279,1793.545,3925.36838306216,3541.37523268295,-1.00819754337632,34526.0912497336,
36996.81,11999.98,4144.837,1813.748,3924.36921362485,3541.74079695722,-1.04135241841637,34444.4293130793,
36964.52,11999.98,4190.042,1833.787,3923.338884578,3542.10281287966,-1.07424912338816,34364.0939862276,
36931.45,11999.98,4236.389,1854.363,3922.27417352371,3542.53643712686,-1.10798350458705,34283.3957497149,
36899.29,11999.98,4281.517,1874.369,3921.18423495651,3542.80048478141,-1.14082494487726,34202.3190746708,
36867.19,11999.98,4326.617,1894.365,3920.06195764573,3543.09673013444,-1.17364664485418,34122.6312891054,
36834.73,11999.98,4372.271,1914.621,3918.90775638505,3543.40704997504,-1.20687494536602,34042.6326599987,
36799.7,11999.98,4421.571,1936.589,3917.71287847688,3543.9211404667,-1.24277575423681,33959.5771352683,
36767.66,11999.98,4466.769,1956.634,3916.50432131037,3543.93148787912,-1.27567008992397,33875.3735885191,
36735.27,11999.98,4512.497,1976.927,3915.25624689562,3544.16031616907,-1.30895286908113,33795.3386574547,
36703.26,11999.98,4557.759,1997.004,3913.97997571275,3544.30260901045,-1.34189536532127,33715.0827879322,
36670.68,11999.98,4603.882,2017.482,3912.66994019239,3544.50223753227,-1.37546789383256,33634.796499282,
36638.27,11999.98,4649.841,2037.885,3911.33114328654,3544.61977976837,-1.40892120560371,33553.7245716776,
36605.93,11999.98,4695.768,2058.272,3909.96139359522,3544.71586471632,-1.4423500422176,33472.9013491227,
36573.6,11999.98,4741.751,2078.686,3908.5606836105,3544.79027544832,-1.47582072501742,33392.1208126919,
36541.95,11999.98,4786.841,2098.681,3907.13207640262,3544.76960828207,-1.50863690038883,33311.9302163484,
36510.09,11999.98,4832.305,2118.85,3905.67046387712,3544.79429390135,-1.54172703733408,33232.5140911615,
36476.46,11999.98,4880.349,2140.229,3904.17126517622,3544.95758063315,-1.57670806085431,33151.0031963545,
36444.86,11999.98,4925.582,2160.288,3902.65342837538,3544.75877980617,-1.60962845122182,33068.6120304727,
36413.83,11999.98,4970.084,2180.006,3901.10220276998,3544.62352112623,-1.64201355090105,32989.8398746281,
36383.56,11999.98,5013.583,2199.254,3899.52289950529,3544.425681622,-1.67366361355149,32912.5892960754,
36352.87,11999.98,5057.768,2218.82,3897.91052217475,3544.30092731692,-1.70581501831972,32836.0322059178,
36323.24,11999.98,5100.5,2237.708,3896.2742917508,3544.01082623592,-1.73690294583999,32759.746274944,
36292.12,11999.98,5145.465,2257.634,3894.59998884191,3543.92670132332,-1.76962516939007,32683.6186320518,
36260.57,11999.98,5191.12,2277.88,3892.89775296448,3543.75218163313,-1.80285268014037,32604.649061603,
36228.94,11999.98,5236.982,2298.219,3891.16568299531,3543.52922506199,-1.83623099064194,32524.8466970476,
36197.7,11999.98,5282.381,2318.34,3889.40474655226,3543.2339878284,-1.86926980798804,32445.1864200407,
36166.78,11999.98,5327.409,2338.285,3887.61368763616,3542.90737070495,-1.90203545352184,32366.3391828712,
36135.01,11999.98,5373.752,2358.841,3885.78783385929,3542.66613935537,-1.93576430638992,32287.0935641631,
36104.09,11999.98,5418.957,2378.862,3883.93696392809,3542.24693541056,-1.96865864207708,32207.2222537583,
36071.95,11999.98,5466.03,2399.753,3882.04804616304,3541.99174919348,-2.0029204200741,32127.4356677273,
36041.73,11999.98,5510.419,2419.387,3880.13934177942,3541.41838300406,-2.03521551673972,32047.429917075,
36011.2,11999.98,5555.357,2439.272,3878.19410919609,3540.99365124973,-2.06791168560945,31970.067373438,
35980.09,11999.98,5601.234,2459.592,3876.21707849074,3540.57988103413,-2.101294730955,31891.5616269626,
35949.57,11999.98,5646.365,2479.56,3874.21342439002,3540.03535373237,-2.13413064291441,31812.5834118689,
35918.88,11999.98,5691.845,2499.686,3872.17710524825,3539.52518381101,-2.16722077985965,31734.265305028,
35888.36,11999.98,5737.195,2519.746,3870.11144066147,3538.95872955766,-2.20021459569894,31655.721963893,
35857.84,11999.98,5782.633,2539.842,3868.01493878364,3538.37608508987,-2.23327157383525,31577.33718456,
35824.81,11999.98,5831.917,2561.733,3865.87680195528,3538.03601733623,-2.2691447485026,31496.456740414,
35794.64,11999.98,5877.086,2581.694,3863.72549284059,3537.16894272476,-2.30200276633465,31414.0917955241,
35763.89,11999.98,5923.229,2602.104,3861.53298697254,3536.55598312232,-2.33557213952505,31335.6803315213,
35733.36,11999.98,5969.156,2622.406,3859.31216656304,3535.84750168679,-2.36898202931248,31256.4218258022,
35702.41,11999.98,6015.839,2643.056,3857.05798915278,3535.17422777288,-2.40294458081686,31176.9999709903,
35674.16,11999.98,6058.603,2661.879,3854.78559528772,3534.15021827974,-2.4340364552822,31099.3195917239,
35642.2,11999.98,6107.061,2683.345,3852.46026959098,3533.70633106132,-2.46929538918399,31022.3971339183,
35612.86,11999.98,6151.688,2703.019,3850.12488546329,3532.66382348105,-2.5017483860042,30941.7528129819,
35582.4,11999.98,6198.153,2723.54,3847.74674915747,3531.9212704715,-2.53554434997701,30864.2232801871,
35552.74,11999.98,6243.541,2743.553,3845.34427375371,3530.9762599442,-2.56855000851416,30785.4499728912,
35521.32,11999.98,6291.729,2764.864,3842.90118494245,3530.25706133746,-2.60360445750617,30706.1870121964,
35495.58,11999.98,6331.388,2782.221,3840.45607225358,3528.75108505052,-2.63241779355072,30629.2696053785,
35466.33,11999.98,6376.539,2802.101,3837.95202844372,3528.04271924043,-2.6652442320969,30558.33851536,
35436.59,11999.98,6422.591,2822.393,3835.42573721833,3527.09285726626,-2.69872912687921,30480.9405472494,
35407.63,11999.98,6467.6,2842.191,3832.87339402691,3525.9912549585,-2.73144740162157,30403.2919230316,
35378.52,11999.98,6512.961,2862.146,3830.28787207664,3524.93798242012,-2.76442305667066,30326.657611526,
35348.79,11999.98,6559.435,2882.608,3827.6695200406,3523.91464836924,-2.79821033326649,30249.048058022,
35319.54,11999.98,6605.316,2902.785,3825.02392478098,3522.76062180117,-2.83156100956463,30170.6795409709,
35291.05,11999.98,6650.158,2922.474,3822.34940484552,3521.53180407857,-2.86414980439209,30093.6904463533,
35261.52,11999.98,6696.787,2942.98,3819.63778665611,3520.45215442246,-2.89804366526865,30016.8447090457,
35233.13,11999.98,6741.785,2962.721,3816.90304384543,3519.13318560968,-2.93074141366147,29939.1337187404,
35204.93,11999.98,6786.624,2982.38,3814.1354275268,3517.85545087692,-2.9633207350757,29863.4019918617,
35175.69,11999.98,6833.278,3002.869,3811.33240249432,3516.68287697056,-2.99722643865012,29786.8491247938,
35146.03,11999.98,6880.78,3023.741,3808.4993266097,3515.44453278649,-3.03174954576158,29707.9065777452,
35116.81,11999.98,6927.739,3044.35,3805.63760533271,3514.09134683185,-3.06587236670517,29628.4689269644,
35088.92,11999.98,6972.737,3064.043,3802.74878584451,3512.59538034656,-3.09855906216168,29550.8971833081,
35060.89,11999.98,7018.141,3083.912,3799.82488615425,3511.19634455489,-3.13153866601848,29475.3317339355,
35033.3,11999.98,7062.987,3103.514,3796.87286592042,3509.70592469681,-3.16410930005573,29399.7557111298,
35005.06,11999.98,7109.08,3123.678,3793.88630891805,3508.29923075851,-3.19758787674569,29324.1595436794,
34977.35,11999.98,7154.469,3143.508,3790.87318925713,3506.74722636604,-3.23054932353758,29247.7236703041,
34949.09,11999.98,7200.963,3163.834,3787.8252907465,3505.2756242512,-3.26431607378387,29171.5224037945,
34921.29,11999.98,7246.865,3183.876,3784.74995750195,3503.67345186364,-3.29764622373246,29094.5678251179,
34894.33,11999.98,7291.576,3203.359,3781.64589783015,3501.98568453815,-3.33010395912193,29019.0620872521,
34866.62,11999.98,7337.71,3223.484,3778.50575636676,3500.4245241365,-3.36359832731747,28944.1476258802,
34839.86,11999.98,7382.461,3242.96,3775.3410909313,3498.66221765136,-3.39607816857957,28868.5874190156,
34812.3,11999.98,7428.744,3263.127,3772.13968831684,3497.04304963016,-3.42967438248657,28793.7786781971,
34785.58,11999.98,7473.827,3282.731,3768.91332731957,3495.23030545874,-3.4623918674674,28718.0943452824,
34757.9,11999.98,7520.702,3303.143,3765.64970331605,3493.56863691949,-3.49641442222261,28642.8190526495,
34731.63,11999.98,7565.411,3322.55,3762.36371630311,3491.63306345716,-3.52885163126253,28566.9324016153,
34704.38,11999.98,7611.983,3342.796,3759.03874346136,3489.90086890617,-3.5626468054738,28492.4817215577,
34677.74,11999.98,7657.737,3362.653,3755.68814890073,3487.9852778535,-3.5958403676536,28416.5763727499,
34652.34,11999.98,7701.563,3381.617,3752.31021819001,3485.94577152882,-3.62762306926512,28342.7589586779,
34622.08,11999.98,7753.964,3404.504,3748.87724371468,3484.55297130174,-3.66566741017365,28266.4169694051,
34599.18,11999.98,7793.875,3421.67,3745.45733155494,3481.83687450488,-3.69458891002201,28187.725857536,
34573.34,11999.98,7839.1,3441.229,3741.97347897314,3480.07629041543,-3.72738218975925,28119.8697469856,
34545.53,11999.98,7887.979,3462.442,3738.45984061187,3478.26964847763,-3.76283929047846,28044.3523377597,
34520.5,11999.98,7932.236,3481.531,3734.93184137269,3475.93138690572,-3.79491963905954,27967.4899651717,
34497.77,11999.98,7972.621,3498.857,3731.37499921191,3473.53125866182,-3.82417352420949,27897.8818820615,
34472.31,11999.98,8018.076,3518.459,3727.77131996064,3471.62607110211,-3.85711996925735,27829.8902252831,
34447.68,11999.98,8062.3,3537.487,3724.14937175249,3469.35857455972,-3.8891639999833,27757.1577713958,
34421.94,11999.98,8108.716,3557.493,3720.49001544875,3467.26311434874,-3.92280363959932,27684.733931263,
34396.93,11999.98,8154.083,3577.007,3716.80600947386,3464.95493941437,-3.95567350012921,27610.6060422496,
34372.48,11999.98,8198.659,3596.147,3713.09141774749,3462.61132931589,-3.98796385822558,27538.1720260325,
34347.39,11999.98,8244.656,3615.913,3709.34193240339,3460.36522514794,-4.0212853207972,27465.9880636938,
34322.21,11999.98,8291.064,3635.847,3705.56307377035,3458.04103574948,-4.05490206477904,27392.1799140612,
34298.01,11999.98,8335.945,3655.075,3701.75731216514,3455.56075863847,-4.08740164262914,27318.8532579833,
34273.6,11999.98,8381.453,3674.568,3697.91702549296,3453.16064373689,-4.12035361228251,27247.0050900062,
34249.11,11999.98,8427.375,3694.23,3694.04775318784,3450.72283403461,-4.15194492339707,27174.401079486,
34224.99,11999.98,8472.869,3713.681,3690.15227310701,3448.20420025445,-4.1816092260842,27101.7025878388,
34200.98,11999.98,8518.404,3733.133,3686.22976295599,3445.67742086361,-4.20966683500109,27029.5890135954,
34176.86,11999.98,8564.438,3752.791,3682.28158053639,3443.15026098081,-4.2363644930479,26957.3235874804,
34151.5,11999.98,8613.11,3773.619,3678.30541391412,3440.7390046239,-4.26273711315022,26883.3418972824,
34126.89,11999.98,8660.643,3793.915,3674.31337837947,3438.09707986712,-4.28670942687195,26807.2038284374,
34103.51,11999.98,8706.103,3813.259,3670.30256979527,3435.35196738388,-4.30800375027996,26733.4792591544,
34079.96,11999.98,8752.158,3832.851,3666.26844747124,3432.71961876318,-4.32791176760738,26661.866628682,
34056.38,11999.98,8798.571,3852.585,3662.21754100514,3430.05745039813,-4.34628165567425,26589.577471306,
34033.59,11999.98,8843.716,3871.731,3658.15383453941,3427.27604969465,-4.36254518982891,26517.6610175401,
34010.78,11999.98,8889.207,3891.013,3654.07342521682,3424.55567068299,-4.37730957391302,26447.1068044799,
33987.98,11999.98,8934.966,3910.395,3649.98067413776,3421.81628055016,-4.39051787572327,26376.1924381864,
33964.91,11999.98,8981.556,3930.128,3645.88692429055,3419.10800375607,-4.39051787572327,26304.7398934664,
33942.15,11999.98,9027.815,3949.694,3641.79631885772,3416.33328859686,-4.38884101130565,26232.6877376236,
33919.02,11999.98,9075.143,3969.716,3637.70651560348,3413.63497150222,-4.38537021272967,26160.6450174693,
33899.42,11999.98,9115.572,3986.666,3633.63190683995,3410.45762425539,-4.38113056528787,26090.7967292527,
33876.96,11999.98,9162.138,4006.308,3629.54302432094,3407.96999326756,-4.3745462801363,26025.7512563213,
33855.17,11999.98,9207.656,4025.465,3625.47283053638,3405.13784491304,-4.36649030133155,25954.6611963481,
33833.81,11999.98,9252.556,4044.329,3621.41025107932,3402.31688207521,-4.35696914617588,25885.1362478046,
33812.04,11999.98,9298.641,4063.699,3617.35533432605,3399.59760881237,-4.34553490230887,25815.8945443034,
33790.39,11999.98,9344.772,4083.07,3613.31411557954,3396.82988673602,-4.33242640404053,25745.4877897121,
33767.12,11999.98,9394.665,4104.09,3609.28263370359,3394.29106038355,-4.31629566059344,25673.4949887742,
33745.64,11999.98,9441.047,4123.532,3605.27698477428,3391.3735722578,-4.2996280796183,25599.1260098186,
33723.77,11999.98,9488.618,4143.48,3601.28131300102,3388.69852499937,-4.28076355045878,25528.1978390117,
33703.58,11999.98,9532.83,4161.928,3597.30916458802,3385.7791519037,-4.26171621926197,25457.5929558527,
33682.73,11999.98,9578.796,4181.129,3593.34913794635,3383.1260898978,-4.24026085676968,25390.0175218378,
33661.53,11999.98,9625.869,4200.797,3589.4121289931,3380.47153690503,-4.21655826558997,25320.1983958126,
33641.28,11999.98,9671.134,4219.652,3585.50136864315,3377.67511418683,-4.19217594877181,25250.0938331426,
33621.25,11999.98,9716.235,4238.417,3581.61176444776,3374.96537073894,-4.16629889534478,25182.1631420067,
33600.82,11999.98,9762.518,4257.68,3577.74640088065,3372.34782769602,-4.1380731255896,25114.0475105628,
33580.66,11999.98,9808.542,4276.812,3573.91040431609,3369.68101679012,-4.10835708142535,25044.896683359,
33560.52,11999.98,9854.811,4296.032,3570.10273602821,3367.05955870713,-4.07681709668663,24976.0602114057,
33540.69,11999.98,9900.674,4315.057,3566.32616598441,3364.42527753445,-4.04391990464909,24907.2630886698,
33521.12,11999.98,9946.265,4333.944,3562.5795501272,3361.81477329747,-4.01106267657859,24839.1529685178,
33501.41,11999.98,9992.482,4353.087,3558.86249610718,3359.27302203005,-3.97775542226417,24771.217106162,
33481.63,11999.98,10039.19,4372.426,3555.17677943012,3356.75321423599,-3.94409762558324,24702.5342115566,
33462.81,11999.98,10083.96,4390.903,3551.52359178974,3354.12464719088,-3.91184910994751,24634.2340386435,
33443.68,11999.98,10129.76,4409.812,3547.89696341458,3351.65972106294,-3.87885687363131,24567.753261565,
33424.31,11999.98,10176.42,4429.076,3544.30180868498,3349.21980480428,-3.84524565798028,24499.937688755,
33405.68,11999.98,10221.63,4447.697,3540.73938837594,3346.68435168993,-3.81268449735625,24431.8880804259,
33386.72,11999.98,10267.94,4466.775,3537.20460798548,3344.29347403548,-3.77933619034274,24365.1027327269,
33367.17,11999.98,10316.02,4486.604,3533.70140662519,3341.97453758404,-3.74471123751981,24296.5722685125,
33349.82,11999.98,10359,4504.211,3530.23434763391,3339.32260000623,-3.71378042411787,24228.2212232222,
33331.1,11999.98,10405.64,4523.384,3526.78783140403,3337.11035634853,-3.6802007877527,24164.1049820268,
33312.25,11999.98,10452.93,4542.819,3523.37687439974,3334.79905419085,-3.64615928617103,24095.896556142,
33294.05,11999.98,10498.9,4561.668,3519.99861667876,3332.41169647695,-3.61307546731813,24027.6137901924,
33276.51,11999.98,10543.53,4579.923,3516.64963166608,3330.03158413478,-3.58096590873582,23961.3826701858,
33256.06,11999.98,10595.83,4601.487,3513.3263071158,3328.1410032039,-3.54330527272804,23893.8543136499,
33240.54,11999.98,10635.85,4617.744,3510.05115601155,3325.28715379858,-3.51453457076831,23822.6933839848,
33221.66,11999.98,10684.81,4637.822,3506.78475368158,3323.45083794469,-3.47929932226224,23761.650222455,
33204.63,11999.98,10729.27,4655.943,3503.56310615684,3321.02605761766,-3.44732871700807,23692.6905866609,
33187.07,11999.98,10775.41,4674.774,3500.36505271288,3318.90425270265,-3.41413909991069,23628.1126631202,
33171.3,11999.98,10817.15,4691.706,3497.20084349648,3316.50318082424,-3.3841430717407,23563.4109914532,
33153.62,11999.98,10864.23,4710.908,3494.0578822905,3314.58412910112,-3.35028552871926,23501.6709437713,
33136.98,11999.98,10908.83,4729.031,3490.95313376946,3312.33778082289,-3.3182288655339,23435.1411248639,
33119.54,11999.98,10955.84,4748.176,3487.87461165519,3310.34335910711,-3.28442342814786,23370.551447179,
33102.75,11999.98,11001.43,4766.695,3484.83052523827,3308.19762417159,-3.25165462356789,23303.9508006361,
33085.89,11999.98,11047.49,4785.402,3481.81504660654,3306.15913933706,-3.21854790908082,23238.8387610291,
33069.2,11999.98,11093.37,4804.016,3478.83082148723,3304.11496115945,-3.18557856839879,23173.3854112828,
33051.32,11999.98,11142.81,4824.146,3475.87629907637,3302.28371165668,-3.15003146094067,23107.00352937,
33034.25,11999.98,11190.32,4843.431,3472.95912209908,3300.22885291936,-3.1158857443629,23037.5309926023,
33017.99,11999.98,11235.88,4861.869,3470.07174715339,3298.18177549147,-3.08315641668422,22970.9258937018,
33001.64,11999.98,11281.98,4880.524,3467.21249080613,3296.26673940793,-3.05003706973774,22906.3552974264,
32985.73,11999.98,11327.13,4898.764,3464.38469699173,3294.30558788783,-3.01760617879016,22841.6146858857,
32969.36,11999.98,11373.83,4917.65,3461.58576691965,3292.48427561069,-2.9840573356746,22777.4788610475,
32953.68,11999.98,11418.9,4935.831,3458.81986380213,3290.54170708066,-2.95169039306028,22712.3086019893,
32937.42,11999.98,11465.88,4954.808,3456.08205503042,3288.78412955483,-2.91794969749434,22648.3693893723,
32920.98,11999.98,11513.66,4974.116,3453.37749933687,3287.01258670447,-2.88362949576957,22582.2005892832,
32905.71,11999.98,11558.33,4992.086,3450.70600689248,3285.07904805315,-2.85156572845561,22516.2765711043,
32889.96,11999.98,11604.7,5010.772,3448.06092134504,3283.38108690639,-2.81826558199508,22453.263247289,
32874.35,11999.98,11650.91,5029.373,3445.44855342501,3281.62928331413,-2.78509412568791,22388.5421282472,
32859.46,11999.98,11695.27,5047.183,3442.86700437457,3279.81939538529,-2.75325457987173,22324.6919182602,
32843.55,11999.98,11742.9,5066.363,3440.31297628398,3278.26622051901,-2.71905991297944,22261.8774251073,
32828.27,11999.98,11788.97,5084.871,3437.79411278633,3276.52961847306,-2.68599583071454,22196.1194764704,
32813.23,11999.98,11834.54,5103.159,3435.30449395397,3274.85820108261,-2.65328860890849,22132.2929684838,
32797.22,11999.98,11883.36,5122.808,3432.8446605336,3273.38641198289,-2.61824600261433,22068.0703434257,
32781.88,11999.98,11930.38,5141.686,3430.4206774133,3271.72249667525,-2.58450056847913,22000.9916580548,
32768.73,11999.98,11970.96,5157.847,3428.02664918569,3269.85034176653,-2.55540537510796,21937.9348235104,
32753.96,11999.98,12016.77,5176.19,3425.65351386317,3268.50366429053,-2.52254182894511,21880.3065833299,
32738.72,11999.98,12064.27,5195.242,3423.31576743137,3267.05688491017,-2.48845137704892,21816.5908201529,
32724.5,11999.98,12108.88,5213.06,3421.01143485778,3265.42980311045,-2.45645787616057,21751.9986647463,
32710.48,11999.98,12153.11,5230.711,3418.73424637456,3263.92641023277,-2.42473754708452,21690.736920308,
32695.93,11999.98,12199.24,5249.15,3416.48626614572,3262.55124296085,-2.3916497794239,21629.3857650558,
32681.39,11999.98,12245.61,5267.677,3414.27084195355,3261.13644547926,-2.35839621399326,21565.9910589106,
32666.97,11999.98,12291.82,5286.131,3412.08663027064,3259.73081264834,-2.32525554721041,21502.4665158596,
32652.77,11999.98,12337.62,5304.402,3409.9331922507,3258.33737680612,-2.29241331715865,21439.3080306062,
32638.35,11999.98,12384.31,5323.041,3407.81003496766,3257.02768302208,-2.25892684285326,21376.4023923496,
32624.19,11999.98,12430.45,5341.438,3405.71889616031,3255.68213046427,-2.22584065471573,21312.7658593988,
32610.07,11999.98,12476.67,5359.857,3403.65815458599,3254.38778464482,-2.19270551626368,21249.7782726115,
32596.37,11999.98,12521.76,5377.8,3401.62836691341,3253.06516761627,-2.16037726078911,21187.1083803571,
32582.55,11999.98,12567.46,5395.984,3399.6278314995,3251.83999414627,-2.12762029890699,21125.5403049641,
32567.99,11999.98,12615.85,5415.293,3397.65848083192,3250.74084747297,-2.09291797180457,21062.6196109749,
32552.91,11999.98,12666.22,5435.425,3395.72388657035,3249.64998291479,-2.05679531072063,20996.2907125693,
32538.9,11999.98,12713.25,5454.145,3393.82453496982,3248.3535657946,-2.02308066983504,20928.8499288288,
32526.18,11999.98,12756.19,5471.149,3391.95368158907,3247.03454522144,-1.99231644396467,20866.2409010981,
32511.77,11999.98,12805.01,5490.605,3390.1086018936,3246.16973623878,-1.95731410433335,20806.4539969913,
32498.43,11999.98,12850.43,5508.631,3388.30074804273,3244.94447568259,-1.92476004783792,20741.3328231022,
32483.19,11999.98,12902.55,5529.461,3386.52102127847,3244.18544272257,-1.88738521610184,20678.072277609,
32471.19,11999.98,12943.84,5545.757,3384.78089134997,3242.69102621258,-1.85781236787124,20610.6607949186,
32457.73,11999.98,12990.32,5564.201,3383.06026228968,3241.89046453671,-1.82450590331836,20553.5602541149,
32444.7,11999.98,13035.51,5582.104,3381.37464830429,3240.85636319387,-1.79212554220839,20491.2721393788,
32431.22,11999.98,13082.5,5600.748,3379.71847341883,3239.98052285873,-1.75845432330651,20429.9375822749,
32417.96,11999.98,13128.9,5619.138,3378.09511095902,3239.03376302911,-1.72521339033527,20366.8855254857,
32405.1,11999.98,13174.11,5637.03,3376.50229002268,3238.08522116267,-1.69282355208678,20304.8520203325,
32391.43,11999.98,13222.33,5656.173,3374.93917189609,3237.34450143935,-1.65826491688175,20243.3316361915,
32378.41,11999.98,13268.46,5674.434,3373.41043261614,3236.41793718505,-1.62521899168177,20179.1781310567,
32365.97,11999.98,13312.77,5691.934,3371.91088720145,3235.5220764442,-1.59348445062323,20117.8306632709,
32352.84,11999.98,13359.69,5710.514,3370.43998639975,3234.84116261808,-1.55987086568756,20057.7997572,
32339.94,11999.98,13405.96,5728.815,3369.00236966199,3234.0549625175,-1.52673098866625,19995.1754869987,
32326.95,11999.98,13452.73,5747.324,3367.59535849999,3233.34544179535,-1.4932255675344,19933.1742779404,
32314.51,11999.98,13497.69,5765.076,3366.21988870352,3232.56282990242,-1.46102442269011,19871.149442708,
32301.64,11999.98,13544.4,5783.549,3364.8734863233,3231.95775436583,-1.4275647928266,19810.6623743607,
32289.01,11999.98,13590.39,5801.717,3363.55956251108,3231.27855611772,-1.39462861095352,19748.5236035862,
32276.3,11999.98,13636.85,5820.076,3362.27603905293,3230.67705925963,-1.36135451917334,19687.0911857275,
32263.67,11999.97,13683.16,5838.372,3361.0239980039,3230.07794704051,-1.32818464238925,19625.2299897041,
32251.21,11999.97,13729.02,5856.473,3359.80286635298,3229.49331890808,-1.29534557138367,19563.6847752268,
32238.53,11999.97,13775.85,5874.974,3358.61072273664,3228.99632339754,-1.26349566606174,19502.4268605367,
32225.87,11999.97,13822.75,5893.502,3357.4474856772,3228.48905650261,-1.23328794576133,19440.1430926358,
32213.57,11999.97,13868.48,5911.541,3356.31101979823,3227.95123228031,-1.20544641177038,19378.1189053657,
32201.49,11999.97,13913.52,5929.292,3355.19837532385,3227.45289140227,-1.17958726651712,19317.5688595807,
32189.07,11999.97,13960,5947.635,3354.10794107765,3227.06621144554,-1.15456179287235,19257.433044737,
32176.54,11999.97,14006.98,5966.184,3353.04028187765,3226.66334899079,-1.13096243556864,19195.6564064996,
32164.26,11999.97,14053.17,5984.403,3351.99357223969,3226.22421296226,-1.10940195288263,19133.5726055782,
32151.77,11999.97,14100.33,6003.021,3350.96484399754,3225.87680919986,-1.08909997991123,19072.1302709243,
32139.55,11999.97,14146.58,6021.256,3349.95435098615,3225.46460695064,-1.07083901802017,19009.9139067968,
32127.68,11999.97,14191.65,6039.002,3348.95911007734,3225.05231625002,-1.05460579000939,18949.0129936563,
32115.12,11999.97,14239.45,6057.878,3347.96155836891,3224.80601610662,-1.05460579000939,18888.7268545935,
32103.57,11999.97,14283.55,6075.217,3346.96633757114,3224.28328204001,-1.05610036917223,18826.4559932421,
32091.15,11999.97,14331.13,6093.998,3345.9637408923,3224.06000107726,-1.05945525467588,18767.347756626,
32079.24,11999.97,14376.87,6112.01,3344.95980428096,3223.60792973895,-1.06428798751219,18704.9719445605,
32067.36,11999.97,14422.62,6130.027,3343.94863465031,3223.22574584567,-1.07073176292965,18644.6145349225,
32055.28,11999.97,14469.29,6148.417,3342.92924714707,3222.87415939575,-1.07897831014404,18584.0506690504,
32043.42,11999.97,14515.26,6166.521,3341.9016512408,3222.44511013139,-1.08872802662437,18522.7107810964,
32031.44,11999.97,14561.83,6184.864,3340.86248191262,3222.05794816875,-1.10026936753193,18462.0046509436,
32019.46,11999.97,14608.53,6203.263,3339.81117154865,3221.63952601718,-1.11352315030348,18400.6677516963,
32008.16,11999.97,14652.76,6220.634,3338.74808174375,3221.0923998019,-1.12757304854658,18339.8180652518,
31996.06,11999.97,14700.22,6239.343,3337.66593266029,3220.77246501777,-1.14438905323389,18280.889162584,
31984.55,11999.97,14745.55,6257.165,3336.57041940417,3220.20734316038,-1.16202500667824,18219.0248141445,
31972.08,11999.97,14794.79,6276.605,3335.45175187513,3219.88203794807,-1.18305444936212,18158.5521478948,
31960.13,11999.97,14842.17,6295.269,3334.31599804279,3219.28752104193,-1.20501139824703,18094.352360765,
31950.45,11999.97,14880.7,6310.287,3333.16584200884,3218.36596284377,-1.22398117855541,18034.3228987189,
31938.64,11999.97,14927.86,6328.853,3331.9822267841,3218.15470217244,-1.24894058747536,17981.8188886529,
31927.01,11999.97,14974.46,6347.179,3330.7795902039,3217.54588550895,-1.27526580632901,17920.1718180805,
31915.5,11999.97,15020.75,6365.375,3329.55066597245,3216.91915840157,-1.30306391584422,17859.2542991503,
31904.16,11999.97,15066.53,6383.356,3328.29448001085,3216.255197755,-1.33216447736892,17798.8295658642,
31892.69,11999.97,15113.05,6401.639,3327.00826145067,3215.61436674017,-1.36339927071124,17738.8251360399,
31881.4,11999.97,15159.01,6419.686,3325.69231144508,3214.88655348688,-1.39588022133443,17678.1990108132,
31869.98,11999.97,15205.68,6438.017,3324.34429744926,3214.17941918495,-1.42927589913937,17618.0563636332,
31857.7,11999.97,15256.06,6457.888,3322.96099834864,3213.56989498271,-1.46535197919342,17556.3441336039,
31846.59,11999.97,15301.88,6475.862,3321.55171496637,3212.56797875112,-1.49814131012294,17491.7222440628,
31835.54,11999.97,15347.65,6493.807,3320.10864497308,3211.72714477374,-1.53089037811491,17432.0882951331,
31824.34,11999.97,15394.25,6512.092,3318.63380403989,3210.89136091608,-1.56423947488996,17372.3728182352,
31813.13,11999.97,15441.15,6530.492,3317.12784825161,3209.99963671186,-1.59779858490559,17311.7403853369,
31802.35,11999.97,15486.45,6548.226,3315.59242902484,3208.99313595003,-1.63020500069591,17251.2098191663,
31791.32,11999.97,15533.05,6566.494,3314.02396301925,3208.07719403,-1.66355409747097,17192.1612201624,
31780.22,11999.97,15580.17,6584.966,3312.42444187011,3207.09382802779,-1.69726873835656,17131.6385300305,
31769.38,11999.97,15626.45,6603.085,3310.79454961959,3206.01838994437,-1.73037782212827,17070.8106010449,
31758.6,11999.97,15672.71,6621.187,3309.13299168477,3204.94351070272,-1.76346716931197,17010.954318762,
31748.08,11999.97,15718.11,6638.931,3307.44127331076,3203.80004341407,-1.79594148596856,16951.3706193699,
31737.19,11999.97,15765.38,6657.434,3305.71630861603,3202.73667677222,-1.82975560700628,16892.3586843967,
31725.48,11999.97,15816.49,6677.524,3303.95641235449,3201.72098285941,-1.86633934727046,16830.5566331178,
31716.1,11999.97,15857.71,6693.535,3302.17601020968,3200.08505480309,-1.89580087451371,16766.8160403072,
31705.56,11999.97,15904.29,6711.732,3300.35508403821,3199.05914686556,-1.92911760224137,16712.6502739343,
31695.13,11999.97,15950.67,6729.837,3298.50659910677,3197.76962639344,-1.96228353394303,16652.8118579736,
31685,11999.97,15996.02,6747.512,3296.62789574152,3196.410936786,-1.99470969004664,16593.4829651461,
31674.44,11999.97,16043.61,6766.102,3294.71543430705,3195.15391058963,-2.02875119162831,16534.8492341819,
31664.42,11999.97,16089.08,6783.808,3292.77481497221,3193.67734570248,-2.06125945685539,16474.3083555336,
31654.02,11999.97,16136.58,6802.336,3290.79984246347,3192.3401438847,-2.0952227981213,16415.7077256398,
31643.97,11999.97,16182.8,6820.329,3288.79566197402,3190.82782872571,-2.12826398475203,16355.260775575,
31634.02,11999.97,16228.92,6838.277,3286.75954302534,3189.3304256256,-2.16123885376486,16296.2830313718,
31624.01,11999.97,16275.64,6856.458,3284.69160754791,3187.82501803984,-2.19463848037752,16237.3524582876,
31614.21,11999.97,16321.69,6874.352,3282.59329462844,3186.2314637023,-2.22755018709335,16177.9902916011,
31604.07,11999.97,16369.72,6893.047,3280.4613064424,3184.70973076624,-2.26188380731377,16119.0325341996,
31595.74,11999.97,16409.56,6908.404,3278.30709612406,3182.73906164911,-2.29033633409175,16059.6526215921,
31586.05,11999.97,16456.21,6926.515,3276.11317903179,3181.34098920435,-2.32367595745358,16007.8056638795,
31576.75,11999.97,16501.34,6943.992,3273.89393008317,3179.57115011179,-2.35591973452005,15949.004269374,
31567.35,11999.97,16547.38,6961.83,3271.64219382248,3177.86464592753,-2.38881485996875,15891.7415831926,
31557.95,11999.97,16593.8,6979.811,3269.35957548449,3176.09783854294,-2.42197842238578,15833.5078612428,
31548.5,11999.97,16640.89,6998.051,3267.04513667194,3174.3044093165,-2.45562043128642,15774.8193565245,
31539.32,11999.97,16687,7015.884,3264.70034759167,3172.40696756217,-2.48855819268259,15715.6794088462,
31530.29,11999.97,16732.81,7033.584,3262.32401054166,3170.50198181526,-2.52128357527885,15657.7282622197,
31521.32,11999.97,16778.74,7051.316,3259.91636869025,3168.57568549019,-2.55408395914468,15600.1560826486,
31512.59,11999.97,16823.86,7068.707,3257.47855569196,3166.57641070216,-2.58629931224617,15542.7026462883,
31503.58,11999.97,16870.9,7086.868,3255.00767782833,3164.64607606885,-2.61989631591472,15485.8542589894,
31494.45,11999.97,16919.07,7105.475,3252.50509904631,3162.63960008555,-2.65430099604759,15426.8153090636,
31485.59,11999.97,16966.25,7123.662,3249.97166593679,3160.50893134613,-2.68798721669349,15366.8311637328,
31476.96,11999.97,17012.71,7141.545,3247.40630252456,3158.35439519486,-2.72115551395449,15308.1381298791,
31467.83,11999.97,17062.35,7160.706,3244.80577691796,3156.30683768829,-2.75660393102202,15249.7528277397,
31459.86,11999.97,17106.22,7177.516,3242.17948678133,3153.87475524065,-2.78790739638838,15189.0416786958,
31451.38,11999.97,17153.38,7195.64,3239.51628209454,3151.76192515793,-2.82156835211548,15134.0654436457,
31443.15,11999.97,17199.72,7213.42,3236.82561430482,3149.44814150107,-2.85300182937379,15075.7852678033,
31434.83,11999.97,17247.09,7231.598,3234.10513158187,3147.16771466159,-2.88341457550777,15018.3034623982,
31426.77,11999.97,17293.57,7249.403,3231.35871360032,3144.77793431216,-2.91160152683875,14959.9704264878,
31419.6,11999.97,17335.44,7265.342,3228.59003162197,3142.22990491635,-2.93563739968722,14903.4418912448,
31411.66,11999.97,17382.36,7283.292,3225.79277376631,3140.00808048326,-2.96090563065652,14851.1495599191,
31403.95,11999.97,17428.48,7300.906,3222.97678821478,3137.52892898121,-2.98411680447201,14793.6549043579,
31396.27,11999.97,17475.04,7318.683,3220.13925797634,3135.06765943402,-3.00589588737797,14737.0450174721,
31388.68,11999.97,17521.69,7336.477,3217.28261375153,3132.56268163727,-3.02605221010097,14680.0463318851,
31380.44,11999.97,17572.98,7356.129,3214.40543781008,3130.18263860539,-3.0462180254203,14622.3460381704,
31372.82,11999.97,17621.06,7374.462,3211.51555525986,3127.47567372724,-3.06334386923192,14560.2449341967,
31366.25,11999.97,17663.17,7390.397,3208.61169932423,3124.68303808698,-3.07698212420173,14502.6059610572,
31359.08,11999.97,17709.73,7408.094,3205.68993240971,3122.24584460589,-3.0904185824696,14450.8187187462,
31352.32,11999.97,17754.31,7424.981,3202.76028594374,3119.55247034964,-3.10176280032747,14394.6290075179,
31345.33,11999.97,17801.05,7442.71,3199.81882909487,3116.98522562966,-3.11199371193909,14340.3721094838,
31338.34,11999.97,17848.53,7460.72,3196.8781627584,3114.34698986597,-3.11199371193909,14283.796782431,
31331.83,11999.97,17893.43,7477.688,3193.93949119237,3111.5901457362,-3.11045879056703,14226.8819677404,
31325.17,11999.97,17940.04,7495.315,3191.0015173258,3108.97789521915,-3.10721217482102,14172.600376838,
31317.74,11999.97,17992.86,7515.417,3188.06839057197,3106.48358419527,-3.1014025310138,14115.7652223741,
31311.45,11999.97,18038.3,7532.548,3185.14620370499,3103.50938242932,-3.09483915523749,14053.3304503298,
31305.7,11999.97,18080.56,7548.406,3182.22670091179,3100.73289915399,-3.08738205140285,13999.3481749946,
31299.5,11999.97,18126.88,7565.851,3179.31345472209,3098.19160789488,-3.07757363327163,13948.3630831895,
31293.33,11999.97,18173.77,7583.507,3176.41295791849,3095.51614443823,-3.06597162644345,13893.0470916074,
31287.24,11999.97,18220.75,7601.183,3173.52488504373,3092.82225377289,-3.05266949768084,13837.2054416286,
31281.41,11999.97,18266.52,7618.359,3170.65033937974,3090.09336707677,-3.03812538295176,13781.5129304946,
31275.6,11999.97,18312.95,7635.783,3167.79004042966,3087.43346849816,-3.02173083751625,13727.1525187455,
31269.4,11999.97,18363.26,7654.729,3164.94768992993,3084.86174835949,-3.00203277137501,13671.7175311547,
31263.57,11999.97,18411.46,7672.814,3162.12682462989,3082.08951322287,-2.98140860105222,13612.4625105994,
31258.27,11999.97,18456.08,7689.478,3159.3242970013,3079.31343927049,-2.96081004716693,13555.9952465367,
31252.57,11999.97,18504.93,7707.789,3156.54190809627,3076.79162063054,-2.9364391055701,13502.9825355459,
31247.37,11999.97,18550.34,7724.728,3153.78463205301,3074.03516497038,-2.91223255495335,13445.9122629134,
31242.22,11999.97,18596.07,7741.777,3151.04964901807,3071.4292482397,-2.8862701247258,13392.5958979416,
31236.33,11999.97,18649.35,7761.791,3148.34416926447,3069.02019915511,-2.85383950547972,13338.2321035688,
31231.97,11999.97,18689.55,7776.657,3145.66788601308,3066.0086032313,-2.82818757637909,13277.2233483782,
31227.13,11999.97,18735.07,7793.58,3143.01312835514,3063.62806900263,-2.79754965004666,13229.787191369,
31222.13,11999.97,18782.86,7811.372,3140.39236532619,3061.1378581271,-2.76365291489569,13176.5092096048,
31217.37,11999.97,18829.39,7828.656,3137.80371536509,3058.55500835579,-2.73057383088675,13121.0229439722,
31212.62,11999.97,18876.51,7846.156,3135.24571992885,3056.05309899921,-2.6970755138835,13066.9148047323,
31208.07,11999.97,18922.69,7863.27,3132.71877093407,3053.5267078869,-2.66425775898901,13012.3538599403,
31203.39,11999.97,18971,7881.202,3130.22332416191,3051.10428667352,-2.62991861043778,12958.6977903832,
31199.19,11999.97,19015.23,7897.533,3127.75857089961,3048.53274787573,-2.59849119348732,12903.2139576314,
31194.84,11999.97,19061.93,7914.808,3125.32289454202,3046.18169055006,-2.56530789448229,12851.9554480816,
31190.62,11999.97,19108.15,7931.879,3122.91905661976,3043.75368271498,-2.53247435180751,12798.1846406694,
31186.37,11999.97,19155.57,7949.403,3120.54648099813,3041.38983625787,-2.49878339631763,12744.9122280132,
31182.3,11999.97,19201.91,7966.496,3118.20532961334,3038.98033343809,-2.46586300595012,12690.5242667962,
31178.3,11999.97,19248.38,7983.619,3115.89465948914,3036.63233700148,-2.43286366178003,12637.3584234404,
31174.13,11999.97,19297.89,8001.914,3113.61682602509,3034.36421984983,-2.39768683700171,12583.9033658414,
31170.73,11999.97,19339.03,8016.958,3111.36809691735,3031.83646048058,-2.36849295510259,12527.9225505607,
31167.06,11999.97,19384.4,8033.621,3109.14612866719,3029.7025875003,-2.33627681223956,12480.6522223008,
31163.3,11999.97,19431.72,8051.022,3106.9571830884,3027.48643376743,-2.30267349047867,12428.7705725618,
31159.71,11999.97,19477.92,8067.972,3104.79981782849,3025.20067407295,-2.26988179026452,12374.9672134482,
31156.23,11999.97,19523.67,8084.739,3102.67256224621,3022.96743162016,-2.23740747360793,12322.48230454,
31152.59,11999.97,19572.45,8102.664,3100.57755123922,3020.82709735058,-2.2027698883256,12270.3258094353,
31149.24,11999.97,19618.32,8119.45,3098.51434708791,3018.54764650168,-2.17021741135326,12215.1992180493,
31145.88,11999.97,19665.34,8136.666,3096.48145574563,3016.41370508775,-2.13684699846712,12163.1855345018,
31142.32,11999.97,19716.16,8155.339,3094.48274254592,3014.32862254075,-2.10076144499985,12109.7597784465,
31139.13,11999.97,19762.69,8172.34,3092.51654500428,3012.05402783495,-2.06774552328792,12052.6113469742,
31136.04,11999.97,19808.86,8189.189,3090.57977447964,3009.94931225241,-2.03499251021353,12000.1537946444,
31132.97,11999.97,19855.54,8206.227,3088.67406713503,3007.88685417325,-2.00186842469779,11948.1222917676,
31130.04,11999.97,19901.16,8222.841,3086.79904527379,3005.81020786518,-1.96951174898353,11895.661359435,
31127.02,11999.97,19949.19,8240.367,3084.95573046705,3003.83159781026,-1.93543787835446,11844.2646174121,
31124.15,11999.97,19995.89,8257.374,3083.14441682271,3001.76982377056,-1.90230984403101,11790.4338067862,
31121.35,11999.97,20042.43,8274.306,3081.36384637831,2999.7740131559,-1.86930260597077,11738.0881202268,
31118.6,11999.97,20089.02,8291.244,3079.61440131047,2997.80654446466,-1.83626299886313,11685.9784804465,
31115.96,11999.97,20134.87,8307.887,3077.89567284245,2995.8477767085,-1.80375710292068,11633.9185391269,
31113.3,11999.97,20182.16,8325.074,3076.20837394855,2993.9579599558,-1.7702169434568,11582.6359063117,
31110.74,11999.97,20228.63,8341.931,3074.55260576338,2992.02860021713,-1.73727286769357,11529.900183989,
31108.18,11999.97,20276.17,8359.187,3072.92844380291,2990.16519463539,-1.70356691045967,11478.0584713714,
31105.76,11999.97,20322.17,8375.846,3071.33541901585,2988.26571031606,-1.67095521999803,11425.2040518073,
31103.29,11999.97,20370,8393.19,3069.77403496792,2986.4669713132,-1.63704635737744,11373.9504059975,
31100.94,11999.97,20416.65,8410.075,3068.24440822115,2984.61176820788,-1.60397753654328,11320.8608946846,
31098.69,11999.97,20462.33,8426.577,3066.74514719354,2982.80652836473,-1.57160822836962,11269.1267949477,
31096.34,11999.97,20511.11,8444.252,3065.27834288919,2981.09802032207,-1.53702748729196,11218.3464019199,
31093.91,11999.97,20562.66,8462.975,3063.84682579092,2979.34192592482,-1.50047611980048,11164.1736460091,
31092.11,11999.97,20601.74,8476.966,3062.44234023634,2977.34957325309,-1.47280600084272,11107.6437623068,
31090.13,11999.97,20645.78,8492.808,3061.06463803304,2975.85595538769,-1.44161464622525,11064.2589358904,
31088.12,11999.97,20691.53,8509.29,3059.71869116368,2974.25165159323,-1.40920033281949,11015.5633759405,
31086.14,11999.97,20737.35,8525.787,3058.40389033072,2972.6136392637,-1.37674417695311,10965.0738540072,
31084.15,11999.97,20784.77,8542.886,3057.12096959739,2971.01556548837,-1.34314085519222,10914.4983637703,
31082.24,11999.97,20831.04,8559.535,3055.86949419827,2969.37233303462,-1.31036494648364,10862.2888854061,
31080.34,11999.97,20878.29,8576.547,3054.64956555003,2967.8039886243,-1.27689268416074,10811.3204441848,
31078.52,11999.97,20924.56,8593.177,3053.46096248909,2966.2139465969,-1.24412230005768,10759.3855460729,
31076.57,11999.97,20975.2,8611.456,3052.30623123272,2964.73029986299,-1.20824201753643,10708.3789836979,
31074.79,11999.97,21022.44,8628.435,3051.18411811575,2963.08174168422,-1.17478475695756,10652.8737146022,
31073.07,11999.97,21069.02,8645.158,3050.09278494427,2961.56847646186,-1.14179252064136,10601.0592736281,
31071.4,11999.97,21115.3,8661.756,3049.03251672928,2960.09844950813,-1.10902608534601,10549.9888425993,
31069.77,11999.97,21161.36,8678.266,3048.00324222205,2958.66067698058,-1.07640965631512,10499.2975660485,
31068.12,11999.97,21209.16,8695.423,3047.00615304466,2957.27192247334,-1.04255842766073,10448.80520704,
31066.46,11999.97,21258.17,8713.026,3046.04238334281,2955.85943967659,-1.0078505759528,10396.45483669,
31064.72,11999.97,21310.35,8731.825,3045.11398855027,2954.46109174293,-0.97088786935714,10342.7500519685,
31063.38,11999.97,21351.82,8746.585,3044.21409432155,2952.86545677148,-0.941541611908944,10286.0275678085,
31062.04,11999.97,21393.83,8761.535,3043.34101706832,2951.66883864725,-0.911823492257865,10240.7411553667,
31060.58,11999.97,21440.37,8778.177,3042.49942302696,2950.52230687016,-0.878878626733096,10194.7840687663,
31058.99,11999.97,21492.46,8796.908,3041.69360784767,2949.30128426575,-0.84198460703996,10143.8537645998,
31057.56,11999.97,21539.94,8813.887,3040.92061609824,2947.860836243,-0.808376550435097,10087.1589064558,
31056.19,11999.97,21586.34,8830.455,3040.1768355205,2946.60517377499,-0.777150105403508,10035.4478774798,
31054.85,11999.97,21632.53,8846.934,3039.46106197017,2945.40705103451,-0.747676412099768,9984.91092928535,
31053.53,11999.97,21678.74,8863.414,3038.77188592466,2944.23584851208,-0.719793927280743,9934.63370239381,
31052.21,11999.97,21726.04,8880.299,3038.10835862587,2943.09313029047,-0.69292899032822,9884.32668244419,
31050.89,11999.97,21773.94,8897.398,3037.46927597888,2941.93418813499,-0.667452425646899,9832.8577371118,
31049.66,11999.97,21819.51,8913.619,3036.85191793432,2940.750308282,-0.644778942258338,9780.84331688514,
31048.4,11999.97,21866.61,8930.405,3036.25510081239,2939.67626535869,-0.623009114552536,9731.29081533891,
31047.15,11999.97,21914.52,8947.492,3035.65825942097,2938.54911377202,-0.623009114552536,9680.11253127816,
31046,11999.97,21959.1,8963.323,3035.0600138844,2937.3582871423,-0.624500555391839,9628.16247192875,
31044.84,11999.97,22005.23,8979.729,3034.45833632227,2936.28926709287,-0.627641765922222,9579.75845721235,
31043.51,11999.97,22058.65,8998.868,3033.85111325132,2935.21044236329,-0.633427062213042,9529.54683632718,
31042.46,11999.97,22101.55,9014.058,3033.23882761811,2933.76030518149,-0.639448683092146,9471.82773336714,
31041.38,11999.97,22146.64,9030.052,3032.61786876956,2932.70536460581,-0.647302926139676,9425.29959543191,
31040.27,11999.97,22194.15,9046.945,3031.98743690585,2931.57724827239,-0.657276461686803,9376.41292752877,
31039.25,11999.97,22238.78,9062.755,3031.34674375686,2930.32427613231,-0.668133863254779,9325.02374478448,
31038.15,11999.97,22287.63,9080.138,3030.69250232509,2929.18603094194,-0.68181931600503,9276.64769420336,
31037.14,11999.97,22333.5,9096.394,3030.02474501608,2927.85160087918,-0.696237658146381,9223.83996566926,
31036.14,11999.97,22379.72,9112.777,3029.34108529918,2926.6081179968,-0.712373790822287,9174.24726321817,
31035.11,11999.97,22428.65,9130.164,3028.6391890663,2925.34631664319,-0.731255013432452,9124.23591745599,
31034.14,11999.97,22476.22,9147.035,3027.91818332005,2923.94702085275,-0.751307060567014,9071.39533390242,
31033.23,11999.97,22521.69,9163.112,3027.17702677973,2922.5594357102,-0.772013401893814,9020.06795024416,
31032.32,11999.97,22568.85,9179.814,3026.41325614939,2921.23126818756,-0.795166899401495,8970.98840412112,
31031.45,11999.97,22615.33,9196.252,3025.62602954059,2919.80532432104,-0.819597931879069,8920.13335482383,
31030.6,11999.97,22662.17,9212.815,3024.81331627621,2918.37476753881,-0.845863360357073,8870.03752729576,
31029.77,11999.97,22709.34,9229.498,3023.97341781707,2916.89748385479,-0.873989293250043,8819.58231448149,
31028.98,11999.97,22756.17,9246.039,3023.10493986658,2915.36874456573,-0.903545137031365,8768.79943183378,
31028.22,11999.97,22803.04,9262.589,3022.20617337085,2913.81544095585,-0.93477357582438,8718.42562747717,
31027.49,11999.97,22849.71,9279.054,3021.27569719094,2912.22015208129,-0.967496373714511,8668.03983287724,
31026.79,11999.97,22896.98,9295.733,3020.3127895453,2910.59469595302,-1.00091100207121,8617.89626250531,
31026.14,11999.97,22943.21,9312.018,3019.31823205869,2908.90076406672,-1.03358032649905,8567.15475691206,
31025.52,11999.97,22989.3,9328.24,3018.29189405474,2907.20564832826,-1.06615096053631,8517.56592725996,
31024.94,11999.97,23035.71,9344.571,3017.23362187861,2905.47552712031,-1.09894424027354,8468.15696424862,
31024.39,11999.97,23082.02,9360.858,3016.14348499141,2903.69232710162,-1.13167119866759,8418.44876339383,
31023.88,11999.97,23129.05,9377.397,3015.02089638346,2901.87307390614,-1.16490028894097,8368.86898321187,
31023.4,11999.97,23175.89,9393.856,3013.86601963082,2899.98302548836,-1.19799358493239,8318.57653330444,
31022.97,11999.97,23222.83,9410.344,3012.67860627987,2898.05759164143,-1.23115951663405,8268.52540513749,
31022.57,11999.97,23270.55,9427.106,3011.4580759908,2896.08700387212,-1.26487258172185,8218.3971647956,
31022.22,11999.97,23317.29,9443.495,3010.20507853394,2894.03927767958,-1.29788850343377,8167.49744868189,
31021.92,11999.97,23364.53,9460.055,3008.91894699616,2891.98563880154,-1.33125181219131,8117.68397892502,
31021.66,11999.97,23410.7,9476.211,3007.60043304593,2889.86715029826,-1.36385797804743,8067.39576171992,
31021.44,11999.97,23459.35,9493.27,3006.24744688985,2887.74667674036,-1.39822318127901,8018.27800310024,
31021.27,11999.97,23507.52,9510.14,3004.86040567209,2885.48089856019,-1.43224573603422,7966.56803514784,
31021.16,11999.97,23552.63,9525.87,3003.44061208331,2883.18493945673,-1.46408923065812,7915.42706949715,
31021.1,11999.97,23595.93,9540.929,3001.98835597411,2880.96149875667,-1.49464660419673,7867.60392565392,
31021.08,11999.97,23641.42,9556.777,3000.50068384042,2878.75743311463,-1.52675774230212,7821.75341026848,
31021.12,11999.97,23688.67,9573.261,2998.96602079901,2876.41195649051,-1.56011552272886,7773.61860696801,
31021.2,11999.97,23734.96,9589.381,2997.40594101601,2873.95608197749,-1.59279116524905,7723.66309955845,
31021.34,11999.97,23782.46,9605.93,2995.81634176211,2871.49030910564,-1.62631790249199,7674.78584770961,
31021.55,11999.97,23832.75,9623.493,2994.1943757066,2868.92370881043,-1.66182869209499,7624.69570701986,
31021.81,11999.97,23879.83,9639.859,2992.54206601347,2866.19919564314,-1.69505146800131,7571.67007429849,
31022.12,11999.97,23927.54,9656.444,2990.85787359825,2863.55642730036,-1.72872031761855,7522.13441415475,
31022.48,11999.97,23973.6,9672.413,2989.14321628799,2860.84513916497,-1.76121674014777,7471.97312723289,
31022.91,11999.97,24020.33,9688.613,2987.39717729758,2858.14832413899,-1.79418687059135,7423.63134744973,
31023.39,11999.97,24067.04,9704.79,2985.61997506531,2855.37586084823,-1.82713805420846,7374.63698895819,
31023.95,11999.97,24115.02,9721.416,2983.8105658682,2852.54815686909,-1.86099007262439,7325.74352801428,
31024.6,11999.97,24164.7,9738.643,2981.96790991571,2849.60869516857,-1.89603820352406,7275.58000087959,
31025.3,11999.97,24213.05,9755.37,2980.09296772871,2846.55341832627,-1.93014444692582,7223.66872413835,
31026.03,11999.97,24259.46,9771.373,2978.18663708317,2843.51302460939,-1.96286509095282,7173.20509465573,
31026.95,11999.97,24313.16,9790.022,2976.24368206369,2840.44501955562,-2.00076179115624,7125.00251007025,
31027.58,11999.97,24346.64,9801.383,2974.27948684046,2837.16953367488,-2.02433274968118,7068.74896437815,
31028.51,11999.97,24393.29,9817.426,2972.28075597854,2834.48208378627,-2.05721603243202,7034.28255092245,
31029.54,11999.97,24440.75,9833.742,2970.25176299399,2831.29884341859,-2.09066697864384,6985.9289316361,
31030.63,11999.97,24487.99,9849.965,2968.19092134823,2828.03158004626,-2.12396475581974,6936.78766683243,
31031.72,11999.97,24532.64,9865.236,2966.09988037778,2824.74686247494,-2.15542138649673,6887.88202244339,
31032.94,11999.97,24579.42,9881.259,2963.97674130286,2821.48656009875,-2.18838756813258,6841.85702447864,
31034.22,11999.97,24625.84,9897.129,2961.82245442024,2818.09455478843,-2.22108610628695,6793.62868460728,
31035.59,11999.97,24672.53,9913.08,2959.6364481241,2814.66030466922,-2.25397807641477,6745.8772847964,
31037.04,11999.97,24719.71,9929.188,2957.4184579631,2811.15312290609,-2.28721348478049,6697.92282768985,
31038.54,11999.97,24765.86,9944.904,2955.16924303336,2807.58550801871,-2.31970990730972,6649.49392000102,
31040.15,11999.97,24812.95,9960.942,2952.8878706699,2803.98825588846,-2.35287662504763,6602.27799242404,
31041.97,11999.97,24863.77,9978.295,2950.57200132888,2800.23945053472,-2.38867321892232,6554.25687065123,
31043.76,11999.97,24911.41,9994.482,2948.22437317765,2796.32884495778,-2.4222133783862,6502.25921783797,
31045.66,11999.97,24959.92,10010.96,2945.8432767922,2792.47315970164,-2.45636541305632,6453.75944422747,
31047.55,11999.97,25005.92,10026.52,2943.43109792271,2788.56801796113,-2.4887370905146,6404.32461639511,
31049.59,11999.97,25053.67,10042.68,2940.98599023543,2784.66967477968,-2.52234514711947,6357.70838921366,
31051.67,11999.97,25100.42,10058.47,2938.50934878335,2780.66417388293,-2.55523711724729,6309.27550005079,
31053.87,11999.97,25147.96,10074.51,2936.00014240352,2776.62111109006,-2.58868490441293,6262.03295016635,
31056.1,11999.97,25194.13,10090.05,2933.45964337882,2772.51628244261,-2.62116316615195,6213.97718445964,
31058.46,11999.97,25241.44,10105.96,2930.88663306213,2768.37724868207,-2.65443725793213,6167.5122509388,
31060.9,11999.97,25288.35,10121.71,2928.28181132807,2764.14363408786,-2.68742633520216,6119.91764172043,
31063.43,11999.97,25335.37,10137.47,2925.64483956171,2759.86064253596,-2.72048331333846,6072.84072659066,
31066.13,11999.97,25383.69,10153.67,2922.97481015084,2755.47684490968,-2.75446165262312,6025.81891472607,
31068.84,11999.97,25430.69,10169.38,2920.27294367627,2751.01093247561,-2.78749573512525,5977.43228814394,
31071.62,11999.97,25477.23,10184.9,2917.53910763292,2746.54699154509,-2.82020137740821,5930.52369659724,
31074.5,11999.97,25523.97,10200.46,2914.77322779641,2742.02973096118,-2.85304202793688,5884.20961672809,
31077.54,11999.97,25571.65,10216.33,2911.97468692746,2737.41426660714,-2.88654823883027,5837.83869853572,
31080.7,11999.97,25619.76,10232.33,2909.14331707293,2732.68170094592,-2.92034656836242,5790.58833728871,
31084,11999.97,25668.45,10248.49,2906.2786113566,2727.84671831957,-2.9545499189064,5743.03393544592,
31087.22,11999.97,25714.58,10263.74,2903.38260893078,2723.00695977246,-2.98693896739334,5694.79686961861,
31090.63,11999.97,25761.98,10279.4,2900.45359819673,2718.14982082501,-3.02022095678896,5649.46154726472,
31094.14,11999.97,25809.22,10294.98,2897.49238406909,2713.18347433121,-3.05338451920599,5602.87434996938,
31097.73,11999.97,25856.26,10310.46,2894.49887941704,2708.16158740084,-3.08639728187174,5556.54649043855,
31101.41,11999.97,25903.23,10325.88,2891.4730967474,2703.0812571913,-3.11935241057128,5510.5352605985,
31105.22,11999.97,25950.46,10341.37,2888.41480253677,2697.92149144297,-3.15249307735414,5464.72975747402,
31109.14,11999.97,25997.83,10356.87,2885.32396321293,2692.67677713475,-3.18571822254509,5418.75702415598,
31113.1,11999.97,26044.37,10372.07,2882.20122137664,2687.39037424512,-3.21836228205413,5372.69289774013,
31117.38,11999.97,26093.34,10388.06,2879.04428895693,2681.95345414002,-3.2527022203669,5327.80301747955,
31121.47,11999.97,26138.93,10402.86,2875.85682659946,2676.51232270693,-3.28465940340013,5280.18712484535,
31125.82,11999.97,26186.24,10418.22,2872.63593466157,2671.03170117742,-3.31782691089958,5236.39850256831,
31130.43,11999.97,26235.07,10434.07,2869.38136393422,2665.34580368937,-3.35205079151839,5191.0360466826,
31134.87,11999.97,26281.05,10448.92,2866.09577988538,2659.67328979935,-3.38426772414297,5143.93565249118,
31139.59,11999.97,26328.68,10464.29,2862.77652415372,2653.93362526105,-3.41763182266206,5100.1076905062,
31144.71,11999.97,26379.19,10480.6,2859.42201570495,2647.91008940797,-3.45302260576338,5054.94931027501,
31149.17,11999.97,26422.08,10494.31,2856.03987891418,2642.12560431253,-3.48303837238402,5006.1094338214,
31154.03,11999.97,26467.85,10508.95,2852.62415098147,2636.34102929608,-3.51508161334843,4965.72440441462,
31158.92,11999.97,26512.84,10523.3,2849.17793045844,2630.44636518116,-3.5465650884673,4922.32520084959,
31164.08,11999.97,26559.18,10538.07,2845.69909426568,2624.41647939056,-3.57898966504783,4880.01613455741,
31169.51,11999.97,26606.94,10553.28,2842.18696290256,2618.18370596093,-3.61241297705621,4836.56118609829,
31175.67,11999.97,26659.85,10570.18,2838.6368891591,2611.49826648041,-3.64944042174668,4792.29855985578,
31181.4,11999.97,26708.14,10585.49,2835.05531667512,2604.85230366064,-3.68321743516773,4742.23258387747,
31187.14,11999.97,26755.4,10600.41,2831.44202674013,2598.33596824885,-3.71462317681728,4697.04196859757,
31192.93,11999.97,26802.1,10615.12,2827.79934127387,2591.81084293366,-3.74405346467784,4653.00245255025,
31199.01,11999.97,26850.16,10630.23,2824.12744058885,2585.12384875795,-3.77264112235581,4609.84059132248,
31205.73,11999.97,26902.1,10646.59,2820.42532270448,2578.03554971076,-3.8015636674834,4565.86551019076,
31211.18,11999.97,26943.46,10659.44,2816.70569264304,2571.53455351871,-3.82331477640041,4516.61156497074,
31217.79,11999.97,26992.57,10674.78,2812.95676260605,2564.63756817689,-3.84739496274198,4479.60942479908,
31223.99,11999.97,27037.82,10688.82,2809.18977026554,2557.78470814737,-3.86806884643134,4434.0741440932,
31230.73,11999.97,27085.99,10703.77,2805.40003689097,2550.71883198692,-3.88837887032856,4393.12734643299,
31237.48,11999.97,27133.32,10718.41,2801.61011687519,2543.59001734549,-3.88837887032856,4349.13753585186,
31244.3,11999.97,27180.28,10732.88,2797.82061089168,2536.45391891831,-3.88676887710898,4306.10039266729,
31251.37,11999.97,27228.12,10747.6,2794.03260081583,2529.19051402501,-3.88345788618388,4263.7220066058,
31258.58,11999.97,27276.01,10762.28,2790.24830334243,2521.84196143974,-3.87847195199265,4220.55280165612,
31265.82,11999.97,27323.23,10776.72,2786.46944028149,2514.49456575313,-3.87193037016728,4177.37739738658,
31272.96,11999.97,27369.03,10790.65,2782.69761174906,2507.23771294179,-3.86406044903431,4134.81687501005,
31280.78,11999.97,27418.33,10805.66,2778.9320994137,2499.61710886298,-3.85381608574127,4094.41627773134,
31288.17,11999.97,27464.18,10819.54,2775.17868160003,2492.20668713694,-3.84276273670305,4049.93772049224,
31296.3,11999.97,27513.84,10834.57,2771.43423477821,2484.42808835328,-3.82899714743714,4009.805587118,
31304.29,11999.97,27561.8,10849.02,2767.70465146072,2476.69040077765,-3.81403279443484,3965.55405896459,
31312.15,11999.97,27608.38,10862.98,2763.98991936253,2469.07678161354,-3.79793283505552,3922.98497930489,
31320.38,11999.97,27656.32,10877.34,2760.29025210436,2461.28813701902,-3.77968780969941,3882.23430942182,
31328.54,11999.97,27703.14,10891.29,2756.609039744,2453.5467928923,-3.76028699897838,3839.98249660842,
31337.02,11999.97,27751.13,10905.57,2752.94617649587,2445.63832044778,-3.73872912763807,3799.2433570571,
31345.65,11999.97,27799.3,10919.85,2749.30452944945,2437.64110103719,-3.71542006206433,3757.42821436634,
31354.37,11999.97,27847.23,10934.01,2745.68569814893,2429.61549764566,-3.69056387515727,3715.53206641943,
31363.17,11999.97,27894.98,10948.07,2742.09106753508,2421.56164233409,-3.66415405869793,3673.97812140297,
31372.17,11999.97,27943.2,10962.23,2738.5219746582,2413.40259162712,-3.63580456317253,3632.8205886986,
31381.04,11999.97,27990.06,10975.93,2734.98090740235,2405.35502985269,-3.60667398712765,3591.05275175119,
31390.13,11999.97,28037.46,10989.74,2731.46772110868,2397.20658878079,-3.57559133224116,3550.92800201764,
31399.42,11999.97,28085.36,11003.65,2727.98471068741,2388.94097830214,-3.54253533116403,3510.4568830143,
31408.63,11999.97,28132.21,11017.2,2724.53281342456,2380.75696739804,-3.51001127815667,3469.40332583895,
31418.76,11999.97,28183.17,11031.94,2721.10926608272,2371.97621677568,-3.47464102513019,3430.3359318252,
31427.93,11999.97,28228.8,11045.03,2717.72113157059,2363.83122717579,-3.44298701739732,3386.08711956466,
31437.47,11999.97,28275.67,11058.44,2714.36066839472,2355.51191440118,-3.41047954193178,3347.75556412027,
31446.53,11999.97,28319.72,11070.96,2711.03171068423,2347.53869382938,-3.37994269660536,3307.69253428302,
31456.22,11999.97,28366.3,11084.19,2707.72906045079,2339.15562650413,-3.34765154874745,3271.18948400867,
31466.3,11999.97,28414.25,11097.78,2704.4560741037,2330.50965537313,-3.31441771990481,3232.43580938072,
31476.38,11999.97,28461.69,11111.17,2701.21421430798,2321.87017377794,-3.28155022493425,3192.26702216909,
31486.46,11999.97,28508.65,11124.36,2698.00283697589,2313.25357899657,-3.24902222311917,3152.65030641644,
31497.13,11999.97,28557.85,11138.16,2694.81989847523,2304.22093919674,-3.2149483524901,3114.10998287136,
31507.67,11999.97,28606,11151.6,2691.66948771238,2295.2876074855,-3.18161741277996,3073.13109796355,
31518.04,11999.97,28652.92,11164.63,2688.55037020023,2286.49468919255,-3.149145465408,3033.10764019688,
31528.89,11999.97,28701.53,11178.1,2685.45963840706,2277.35577791048,-3.11550740531507,2994.83188210202,
31539.68,11999.97,28749.45,11191.31,2682.4007629612,2268.26780488928,-3.08236437297288,2954.75447469834,
31550.3,11999.97,28796.15,11204.12,2679.37314735554,2259.31876921871,-3.05007243535343,2915.25153331441,
31561.55,11999.97,28845.22,11217.56,2676.37299046686,2249.88181336022,-3.01614462218109,2877.64366444033,
31572.53,11999.97,28892.7,11230.49,2673.40598487269,2240.66540129305,-2.9833323956174,2837.3216539893,
31583.75,11999.97,28940.79,11243.53,2670.46821036332,2231.25971261023,-2.95010646439019,2798.90407470693,
31594.97,11999.97,28988.49,11256.41,2667.56150436454,2221.8552841443,-2.91716159886542,2759.86901167657,
31606.29,11999.97,29036.22,11269.24,2664.68494668755,2212.36574150006,-2.88419936231199,2721.35514917617,
31617.71,11999.97,29084.01,11282.04,2661.83863452578,2202.78751170699,-2.85120870551887,2682.91800156797,
31629.35,11999.97,29132.31,11294.92,2659.02209901135,2193.02723211496,-2.81787303096476,2644.64682452235,
31642.53,11999.97,29186.58,11309.4,2656.22968368399,2181.9775945151,-2.78041609010521,2607.34803809736,
31654.04,11999.97,29233.68,11321.83,2653.48110609452,2172.31087439376,-2.74793782836619,2562.27188858028,
31666.63,11999.97,29284.75,11335.29,2650.75599890581,2161.69601305779,-2.7127183713657,2525.69304545201,
31676.96,11999.97,29326.41,11346.12,2648.07579517576,2153.01947922465,-2.68401240936342,2482.84045227238,
31688.88,11999.97,29374.08,11358.53,2645.41157851969,2142.84981856532,-2.65117175883475,2451.27463796971,
31700.99,11999.97,29422.19,11371,2642.77889050074,2132.58440406028,-2.6180239879233,2413.7035758365,
31712.82,11999.97,29468.92,11383.04,2640.17864352328,2122.54016708683,-2.58584889775935,2375.41351230614,
31724.99,11999.97,29516.63,11395.28,2637.60615938982,2112.15699103995,-2.55299877381745,2338.90311859678,
31737.44,11999.97,29565.15,11407.68,2635.06297962055,2101.50132141346,-2.51961098990265,2301.65786922815,
31749.73,11999.97,29612.73,11419.77,2632.55201881429,2090.96697403564,-2.48687060928765,2263.45693146394,
31762.42,11999.97,29661.52,11432.11,2630.06897189306,2080.0198742361,-2.45330992347423,2226.60743727909,
31776.72,11999.97,29716.21,11445.94,2627.60781317032,2067.52464199405,-2.41569191968861,2190.09975513854,
31789.23,11999.97,29763.75,11457.82,2625.19409416753,2056.73634706828,-2.38301864645306,2145.77090400667,
31801.92,11999.97,29811.71,11469.74,2622.80767825394,2045.6312665405,-2.3500650972766,2109.0399901391,
31814.71,11999.97,29859.78,11481.63,2620.45140805238,2034.38082450185,-2.31704285747233,2071.99301164517,
31827.69,11999.97,29908.28,11493.55,2618.12471223104,2022.89474973792,-2.28374113148871,2035.02407147201,
31840.67,11999.97,29956.55,11505.35,2615.82907876092,2011.34503835879,-2.25060283399049,1997.64902860269,
31853.04,11999.97,30002.29,11516.45,2613.5683857324,2000.34914372609,-2.21922120830837,1959.92666177301,
31866.67,11999.97,30052.41,11528.58,2611.32724095618,1987.93518153267,-2.18482916063491,1926.06202266324,
31879.77,11999.97,30100.38,11540.1,2609.1233115658,1976.08564321365,-2.15193877003017,1887.17965860091,
31893.44,11999.97,30150.13,11551.99,2606.94523725338,1963.52247971083,-2.11783016106907,1851.09453491617,
31906.3,11999.97,30196.74,11563.03,2604.80532173192,1951.76064870604,-2.08588561049524,1812.41253989301,
31920.28,11999.97,30247.17,11574.94,2602.68555353635,1938.61459366122,-2.0513340831441,1778.06517700148,
31932.63,11999.97,30291.52,11585.29,2600.61171579654,1927.25629963723,-2.0209630355877,1738.23363700185,
31947.13,11999.97,30343.3,11597.37,2598.54710220051,1913.24245039108,-1.98550751439157,1706.74641926086,
31960.28,11999.97,30390.1,11608.17,2596.52887791541,1900.83792598898,-1.95348479977671,1666.34080964367,
31974.19,11999.97,30439.37,11619.48,2594.53236945626,1887.3037406482,-1.91976857936803,1631.82457497947,
31988.29,11999.97,30489.11,11630.82,2592.56657928255,1873.49508582708,-1.88575313246671,1594.95786667103,
32001.85,11999.97,30536.77,11641.59,2590.6369245314,1860.1884040622,-1.85317302129093,1557.12891610603,
32016.05,11999.97,30586.48,11652.76,2588.73116777014,1845.8981766311,-1.8191986270887,1522.07988933097,
32029.56,11999.97,30633.55,11663.24,2586.86377183255,1832.37631054367,-1.78704327723804,1484.26321253373,
32043.55,11999.97,30682.12,11673.98,2585.02067537301,1817.99045911379,-1.75387103116933,1449.6506022488,
32057.71,11999.97,30731.1,11684.72,2583.20749896292,1803.28231404192,-1.72043824574772,1413.68223029861,
32071.65,11999.97,30779.16,11695.17,2581.42725259415,1788.66615012918,-1.68763865164343,1377.12041948049,
32085.66,11999.97,30827.31,11705.55,2579.67631906273,1773.73545803616,-1.6547987908763,1341.58215684283,
32100.07,11999.97,30876.62,11716.11,2577.95204540763,1758.07689857894,-1.6211702041966,1306.3695939196,
32113.94,11999.97,30923.98,11726.13,2576.26434841094,1742.95567264152,-1.58889326832119,1269.46566837212,
32128.55,11999.97,30973.66,11736.58,2574.59832083345,1726.50054938075,-1.55503888062063,1235.30819187609,
32142.43,11999.97,31020.7,11746.36,2572.97181010051,1710.92702312537,-1.52300195774856,1198.07407042259,
32157.42,11999.97,31071.39,11756.82,2571.36214918472,1693.34654306859,-1.4884930626196,1164.66689194356,
32171.77,11999.97,31119.74,11766.68,2569.79251685592,1676.57980086779,-1.45558609447304,1126.92499408124,
32186.07,11999.97,31167.8,11776.38,2568.25240139181,1659.46387578791,-1.42289229488793,1091.54663384822,
32200.88,11999.97,31217.44,11786.31,2566.73664922908,1641.21770545625,-1.38913975662414,1056.9922231546,
32214.02,11999.97,31261.37,11794.96,2565.27057059655,1625.33174136743,-1.35929136729661,1019.22171766473,
32228.56,11999.97,31309.85,11804.44,2563.81314916274,1606.51877595079,-1.32634808129493,988.687110334033,
32244.1,11999.97,31361.53,11814.45,2562.37729521002,1585.93544503855,-1.29125178984228,954.492034321103,
32259.36,11999.97,31412.13,11824.12,2560.97787275363,1565.48402440888,-1.25689684978548,916.79799062517,
32273.99,11999.97,31460.59,11833.24,2559.61623093756,1545.55131762527,-1.22402304044786,879.6165606061,
32288.92,11999.97,31509.89,11842.4,2558.27970704679,1524.45120973544,-1.19058551645699,844.950455197725,
32303.36,11999.97,31557.47,11851.11,2556.97955167725,1503.72793731015,-1.15833147621575,808.964438400945,
32318.46,11999.97,31607.13,11860.08,2555.69941287138,1481.05468198767,-1.12468315294805,775.4103008338,
32333.48,11999.97,31656.44,11868.85,2554.45147569972,1457.98117511386,-1.09128984442774,739.695335698815,
32348.56,11999.97,31705.85,11877.5,2553.2323299834,1434.01801022167,-1.05784442654673,704.427764274383,
32363.28,11999.97,31754,11885.78,2552.04743921237,1409.98720916884,-1.02526984370175,668.739253138085,
32378.23,11999.97,31802.82,11894.03,2550.88755271849,1384.50007378517,-0.992254711751374,634.592793361788,
32393.61,11999.97,31852.95,11902.35,2549.75138292973,1357.12842242155,-0.958374269370469,600.211617751766,
32408.03,11999.97,31899.89,11909.97,2548.65841907925,1330.9576618402,-0.926666572753819,563.598123424073,
32423.3,11999.97,31949.53,11917.88,2547.57932394963,1301.3235026072,-0.893151678208741,531.090309068078,
32438.5,11999.97,31998.87,11925.55,2546.53161383589,1270.69204796546,-0.85986416420761,495.809494392465,
32453.8,11999.97,32048.47,11933.07,2545.51057074277,1238.18120089908,-0.826414007757339,460.978697503552,
32469.67,11999.97,32099.88,11940.67,2544.50938484954,1202.23390872177,-0.791765369538697,426.48367351894,
32484.13,11999.97,32146.66,11947.36,2543.55744555962,1168.38592488433,-0.761750120939657,388.799957919013,
32499.19,11999.97,32195.32,11954.11,2542.61648578383,1130.00183393346,-0.732154024670488,356.433547043068,
32514.46,11999.97,32244.66,11960.71,2541.69476119571,1088.22297203221,-0.70381319478248,322.428225045364,
32529.78,11999.97,32294.08,11967.06,2540.79259259708,1042.8758781567,-0.677104758784622,287.808217600848,
32545.14,11999.97,32343.63,11973.14,2539.90707085646,992.973783897327,-0.652009379966788,253.211607621398,
32560.72,11999.97,32393.83,11978.96,2539.03327645433,936.605433957824,-0.628304895828885,218.746963687986,
32574.63,11999.97,32438.63,11983.84,2538.20123232622,880.693680462158,-0.608520724034434,182.020806325535,
32589.6,11999.97,32486.82,11988.7,2537.35812872117,810.072326201291,-0.588820345559287,151.830538859747,
32605.14,11999.97,32536.83,11993.24,2536.51704127793,722.276568861667,-0.570079558421119,118.848070148436,
32621.58,11999.97,32589.75,11997.31,2535.67710099668,602.460741622311,-0.552148682105637,85.0106883762027,
32636.83,11999.97,32638.86,12000.07,2534.89356494068,428.830701609037,-0.53714660185401,47.1509096906996,11.5983929

