xplane,yplane,xrocket,yrocket,vc,xnc,xnt,rtm,time,theta,he,lamda,xlead,vm1,vm2,vt1,vt2,rtm1,rtm2,rtm,vtm1,vtm2
39979.9987792969,12000,55.5498476574888,22.6762930016626,3943.98084299512,3450.12913762364,0,41742.0687363789,0.0060039,0.387568335882297,0,0.291594480717911,0.0959738551643866,2777.49244495623,1133.81467542586,-1000,0,39979.9987792969,12000,41742.0687363789,-3777.49244495623,-1133.81467542586
39959.9975585938,12000,111.099695062622,45.3525866215172,3943.98083979587,3450.12923452149,0,41663.1879516807,0.016011,0.387568347010899,0,0.291594489143957,0.0959738578669421,2777.49243233846,1133.81470633547,-1000,0,39904.4477109363,11977.3237069983,41663.1879516807,-3777.49243233846,-1133.81470633547
39939.9963378906,12000,166.649542214921,68.0288808607367,3943.98083659055,3450.12933160315,0,41584.3071670465,0.022515,0.387568358160611,0,0.291594497585987,0.0959738605746241,2777.49241969675,1133.81473730371,-1000,0,39828.896642828,11954.6474133785,41584.3071670465,-3777.49241969675,-1133.81473730371
39919.9951171875,12000,222.199389113906,90.7051757204981,3943.98083337914,3450.12942886931,0,41505.4263824764,0.0290195,0.387568369331513,0,0.291594506044061,0.0959738632874521,2777.49240703102,1133.81476833081,-1000,0,39753.3455749726,11931.9711191393,41505.4263824764,-3777.49240703102,-1133.81476833081
39899.9938964844,12000,277.749235759093,113.381471201983,3943.98083016162,3450.12952632068,0,41426.5455979705,0.0445307,0.387568380523686,0,0.291594514518241,0.0959738660054457,2777.49239434117,1133.81479941698,-1000,0,39677.7945073705,11909.2948242795,41426.5455979705,-3777.49239434117,-1133.81479941698
39879.9926757813,12000,333.29908215,136.057767306378,3943.98082693796,3450.12962395796,0,41347.664813529,0.0625435,0.387568391737212,0,0.291594523008587,0.0959738687286246,2777.49238162711,1133.81483056246,-1000,0,39602.2434400222,11886.618528798,41347.664813529,-3777.49238162711,-1133.81483056246
39859.9914550781,12000,388.848928286139,158.734064034872,3943.98082370813,3450.12972178187,0,41268.7840291519,0.0775537,0.387568402972171,0,0.291594531515162,0.0959738714570086,2777.49236888874,1133.81486176748,-1000,0,39526.6923729281,11863.9422326936,41268.7840291519,-3777.49236888874,-1133.81486176748
39839.990234375,12000,444.398774167022,181.410361388663,3943.98082047212,3450.12981979312,0,41189.9032448395,0.0945662,0.387568414228646,0,0.291594540038028,0.0959738741906178,2777.49235612598,1133.81489303225,-1000,0,39451.1413060889,11841.2659359651,41189.9032448395,-3777.49235612598,-1133.81489303225
39819.9890136719,12000,499.948619792161,204.086659368948,3943.98081722991,3450.12991799243,0,41111.0224605918,0.1115783,0.387568425506719,0,0.291594548577247,0.095973876929472,2777.49234333874,1133.81492435701,-1000,0,39375.5902395049,11818.5896386113,41111.0224605918,-3777.49234333874,-1133.81492435701
39799.9877929688,12000,555.498465161064,226.762957976933,3943.98081398145,3450.13001638052,0,41032.1416764089,0.1278206,0.387568436806474,0,0.291594557132882,0.0959738796735915,2777.49233052691,1133.81495574199,-1000,0,39300.0391731766,11795.9133406311,41032.1416764089,-3777.49233052691,-1133.81495574199
39779.9865722656,12000,611.048310273236,249.439257213827,3943.98081072675,3450.13011495812,0,40953.260892291,0.1443787,0.387568448127994,0,0.291594565704997,0.0959738824229966,2777.4923176904,1133.81498718743,-1000,0,39224.4881071046,11773.2370420231,40953.260892291,-3777.4923176904,-1133.81498718743
39759.9853515625,12000,666.598155128182,272.115557080843,3943.98080746576,3450.13021372596,0,40874.3801082382,0.1612704,0.387568459471362,0,0.291594574293655,0.0959738851777076,2777.49230482912,1133.81501869355,-1000,0,39148.9370412893,11750.5607427862,40874.3801082382,-3777.49230482912,-1133.81501869355
39739.9841308594,12000,722.147999725406,294.7918575792,3943.98080419846,3450.13031268478,0,40795.4993242506,0.1770272,0.387568470836664,0,0.291594582898919,0.0959738879377452,2777.49229194297,1133.81505026059,-1000,0,39073.3859757312,11727.8844429192,40795.4993242506,-3777.49229194297,-1133.81505026059
39719.9829101563,12000,777.697844064407,317.468158710121,3943.98080092483,3450.13041183532,0,40716.6185403284,0.1940874,0.387568482223985,0,0.291594591520855,0.0959738907031298,2777.49227903185,1133.81508188878,-1000,0,38997.8349104308,11705.2081424208,40716.6185403284,-3777.49227903185,-1133.81508188878
39699.9816894531,12000,833.247688144685,340.144460474833,3943.98079764485,3450.13051117831,0,40637.7377564716,0.2106641,0.38756849363341,0,0.291594600159527,0.0959738934738824,2777.49226609567,1133.81511357837,-1000,0,38922.2838453887,11682.5318412899,40637.7377564716,-3777.49226609567,-1133.81511357837
39679.98046875,12000,888.797531965736,362.82076287457,3943.9807943585,3450.13061071452,0,40558.8569726805,0.2267284,0.387568505065024,0,0.291594608815,0.0959738962500237,2777.49225313433,1133.81514532959,-1000,0,38846.7327806053,11659.8555395252,40558.8569726805,-3777.49225313433,-1133.81514532959
39659.9792480469,12000,944.347375527055,385.497065910569,3943.98079106573,3450.13071044469,0,40479.9761889551,0.2436725,0.387568516518915,0,0.29159461748734,0.0959738990315747,2777.49224014774,1133.81517714268,-1000,0,38771.1817160811,11637.1792371254,40479.9761889551,-3777.49224014774,-1133.81517714268
39639.9780273438,12000,999.897218828134,408.173369584072,3943.98078776654,3450.13081036958,0,40401.0954052955,0.2604628,0.387568527995169,0,0.291594626176612,0.0959739018185567,2777.49222713579,1133.81520901789,-1000,0,38695.6306518167,11614.5029340894,40401.0954052955,-3777.49222713579,-1133.81520901789
39619.9768066406,12000,1055.44706186847,430.849673896326,3943.98078446089,3450.13091048995,0,40322.2146217019,0.2764698,0.387568539493874,0,0.291594634882883,0.0959739046109908,2777.49221409838,1133.81524095545,-1000,0,38620.0795878125,11591.8266304159,40322.2146217019,-3777.49221409838,-1133.81524095545
39599.9755859375,12000,1110.99690464754,453.525978848583,3943.98078114877,3450.13101080657,0,40243.3338381744,0.2933824,0.387568551015118,0,0.29159464360622,0.0959739074088985,2777.49220103542,1133.81527295562,-1000,0,38544.528524069,11569.1503261037,40243.3338381744,-3777.49220103542,-1133.81527295562
39579.9743652344,12000,1166.54674716484,476.202284442101,3943.98077783014,3450.1311113202,0,40164.4530547132,0.3095766,0.38756856255899,0,0.291594652346689,0.0959739102123011,2777.4921879468,1133.81530501863,-1000,0,38468.9774605868,11546.4740211514,40164.4530547132,-3777.4921879468,-1133.81530501863
39559.9731445313,12000,1222.09658941985,498.878590678141,3943.98077450497,3450.13121203163,0,40085.5722713184,0.3260518,0.387568574125578,0,0.291594661104357,0.0959739130212204,2777.49217483243,1133.81533714474,-1000,0,38393.4263973664,11523.7977155579,40085.5722713184,-3777.49217483243,-1133.81533714474
39539.9719238281,12000,1277.64643141206,521.55489755797,3943.98077117326,3450.13131294164,0,40006.6914879901,0.343142,0.387568585714971,0,0.291594669879293,0.095973915835678,2777.49216169219,1133.81536933419,-1000,0,38317.8753344083,11501.1214093219,40006.6914879901,-3777.49216169219,-1133.81536933419
39519.970703125,12000,1333.19627314094,544.23120508286,3943.98076783496,3450.13141405101,0,39927.8107047284,0.3595604,0.387568597327262,0,0.291594678671566,0.095973918655696,2777.492148526,1133.81540158724,-1000,0,38242.3242717129,11478.445102442,39927.8107047284,-3777.492148526,-1133.81540158724
39499.9694824219,12000,1388.74611460598,566.907513254087,3943.98076449005,3450.13151536052,0,39848.9299215334,0.3757707,0.387568608962539,0,0.291594687481242,0.0959739214812962,2777.49213533374,1133.81543390413,-1000,0,38166.7732092809,11455.7687949171,39848.9299215334,-3777.49213533374,-1133.81543390413
39479.9682617188,12000,1444.29595580665,589.583822072934,3943.9807611385,3450.13161687097,0,39770.0491384054,0.3927808,0.387568620620893,0,0.291594696308393,0.0959739243125008,2777.49212211532,1133.81546628511,-1000,0,38091.2221471128,11433.0924867459,39770.0491384054,-3777.49212211532,-1133.81546628511
39459.9670410156,12000,1499.84579674243,612.260131540688,3943.9807577803,3450.13171858317,0,39691.1683553444,0.4102951,0.387568632302418,0,0.291594705153086,0.0959739271493322,2777.49210887063,1133.81549873046,-1000,0,38015.671085209,11410.4161779271,39691.1683553444,-3777.49210887063,-1133.81549873046
39439.9658203125,12000,1555.39563741279,634.936441658642,3943.98075441541,3450.13182049791,0,39612.2875723506,0.4258055,0.387568644007205,0,0.291594714015392,0.0959739299918127,2777.49209559956,1133.81553124041,-1000,0,37940.1200235701,11387.7398684593,39612.2875723506,-3777.49209559956,-1133.81553124041
39419.9645996094,12000,1610.94547781719,657.612752428091,3943.9807510438,3450.13192261601,0,39533.4067894241,0.4428164,0.387568655735346,0,0.291594722895381,0.0959739328399649,2777.49208230201,1133.81556381523,-1000,0,37864.5689621966,11365.0635583414,39533.4067894241,-3777.49208230201,-1133.81556381523
39399.9633789063,12000,1666.49531795511,680.28906385034,3943.98074766545,3450.13202493826,0,39454.526006565,0.4593279,0.387568667486936,0,0.291594731793125,0.0959739356938114,2777.49206897787,1133.81559645518,-1000,0,37789.0179010891,11342.3872475719,39454.526006565,-3777.49206897787,-1133.81559645518
39379.9621582031,12000,1722.04515782602,702.965375926695,3943.98074428034,3450.13212746551,0,39375.6452237734,0.4753397,0.387568679262068,0,0.291594740708693,0.095973938553375,2777.49205562705,1133.81562916051,-1000,0,37713.466840248,11319.7109361497,39375.6452237734,-3777.49205562705,-1133.81562916051
39359.9609375,12000,1777.59499742937,725.64168865847,3943.98074088843,3450.13223019856,0,39296.7644410496,0.4918512,0.387568691060836,0,0.291594749642158,0.0959739414186788,2777.49204224942,1133.8156619315,-1000,0,37637.915779674,11297.0346240733,39296.7644410496,-3777.49204224942,-1133.8156619315
39339.9597167969,12000,1833.14483676463,748.318002046982,3943.9807374897,3450.13233313824,0,39217.8836583937,0.5088633,0.387568702883337,0,0.291594758593591,0.0959739442897457,2777.49202884488,1133.8156947684,-1000,0,37562.3647193675,11274.3583113415,39217.8836583937,-3777.49202884488,-1133.8156947684
39319.9584960938,12000,1888.69467583126,770.994316093557,3943.98073408411,3450.13243628539,0,39139.0028758057,0.5253749,0.387568714729664,0,0.291594767563065,0.0959739471665991,2777.49201541333,1133.81572767148,-1000,0,37486.8136593291,11251.681997953,39139.0028758057,-3777.49201541333,-1133.81572767148
39299.9572753906,12000,1944.24451462872,793.670630799522,3943.98073067165,3450.13253964085,0,39060.1220932858,0.5418868,0.387568726599916,0,0.291594776550654,0.0959739500492623,2777.49200195465,1133.81576064101,-1000,0,37411.2625995594,11229.0056839064,39060.1220932858,-3777.49200195465,-1133.81576064101
39279.9560546875,12000,1999.79435315646,816.346946166212,3943.98072725229,3450.13264320546,0,38981.2413108342,0.5588993,0.387568738494188,0,0.291594785556429,0.0959739529377588,2777.49198846874,1133.81579367725,-1000,0,37335.7115400588,11206.3293692005,38981.2413108342,-3777.49198846874,-1133.81579367725
39259.9548339844,12000,2055.34419141393,839.023262194966,3943.98072382599,3450.13274698006,0,38902.3605284509,0.5744117,0.387568750412578,0,0.291594794580465,0.0959739558321123,2777.49197495548,1133.81582678049,-1000,0,37260.1604808279,11183.6530538338,38902.3605284509,-3777.49197495548,-1133.81582678049
39239.9536132813,12000,2110.89402940059,861.699578887131,3943.98072039273,3450.13285096551,0,38823.4797461362,0.5919243,0.387568762355183,0,0.291594803622837,0.0959739587323465,2777.49196141476,1133.81585995098,-1000,0,37184.6094218673,11160.976737805,38823.4797461362,-3777.49196141476,-1133.81585995098
39219.9523925781,12000,2166.44386711589,884.375896244056,3943.98071695247,3450.13295516267,0,38744.5989638902,0.6079519,0.387568774322103,0,0.291594812683618,0.0959739616384855,2777.49194784648,1133.815893189,-1000,0,37109.0583631775,11138.3004211129,38744.5989638902,-3777.49194784648,-1133.815893189
39199.951171875,12000,2221.99370455926,907.052214267097,3943.9807135052,3450.13305957241,0,38665.7181817129,0.6249478,0.387568786313437,0,0.291594821762884,0.0959739645505533,2777.49193425051,1133.81592649483,-1000,0,37033.5073047591,11115.6241037559,38665.7181817129,-3777.49193425051,-1133.81592649483
39179.9499511719,12000,2277.54354173016,929.728532957617,3943.98071005089,3450.13316419558,0,38586.8373996047,0.6414767,0.387568798329285,0,0.291594830860711,0.0959739674685741,2777.49192062675,1133.81595986875,-1000,0,36957.9562466126,11092.9477857329,38586.8373996047,-3777.49192062675,-1133.81595986875
39159.9487304688,12000,2333.09337862803,952.404852316982,3943.9807065895,3450.13326903307,0,38507.9566175655,0.6574955,0.387568810369746,0,0.291594839977174,0.0959739703925723,2777.49190697509,1133.81599331104,-1000,0,36882.4051887386,11070.2714670424,38507.9566175655,-3777.49190697509,-1133.81599331104
39139.9475097656,12000,2388.6432152523,975.081172346567,3943.980703121,3450.13337408576,0,38429.0758355955,0.6744812,0.387568822434923,0,0.29159484911235,0.0959739733225726,2777.4918932954,1133.81602682197,-1000,0,36806.8541311376,11047.595147683,38429.0758355955,-3777.4918932954,-1133.81602682197
39119.9462890625,12000,2444.19305160241,997.757493047748,3943.98069964536,3450.13347935453,0,38350.1950536949,0.6909943,0.387568834524916,0,0.291594858266316,0.0959739762585995,2777.49187958757,1133.81606040183,-1000,0,36731.3030738102,11024.9188276534,38350.1950536949,-3777.49187958757,-1133.81606040183
39099.9450683594,12000,2499.74288767781,1020.43381442191,3943.98069616257,3450.13358484027,0,38271.3142718638,0.7070045,0.387568846639828,0,0.29159486743915,0.0959739792006779,2777.49186585149,1133.8160940509,-1000,0,36655.752016757,11002.2425069523,38271.3142718638,-3777.49186585149,-1133.8160940509
39079.9438476563,12000,2555.29272347791,1043.11013647044,3943.98069267258,3450.13369054388,0,38192.4334901024,0.7235156,0.387568858779762,0,0.291594876630929,0.0959739821488328,2777.49185208703,1133.81612776946,-1000,0,36580.2009599784,10979.5661855781,38192.4334901024,-3777.49185208703,-1133.81612776946
39059.9426269531,12000,2610.84255900216,1065.78645919475,3943.98068917536,3450.13379646625,0,38113.5527084108,0.7405297,0.387568870944821,0,0.291594885841732,0.0959739851030894,2777.49183829409,1133.81616155782,-1000,0,36504.6499034752,10956.8898635296,38113.5527084108,-3777.49183829409,-1133.81616155782
39039.94140625,12000,2666.39239424998,1088.46278259621,3943.9806856709,3450.13390260831,0,38034.6719267892,0.7565395,0.38756888313511,0,0.291594895071637,0.0959739880634729,2777.49182447255,1133.81619541624,-1000,0,36429.0988472478,10934.2135408053,38034.6719267892,-3777.49182447255,-1133.81619541624
39019.9401855469,12000,2721.94222922079,1111.13910667626,3943.98068215915,3450.13400897096,0,37955.7911452376,0.7735705,0.387568895350734,0,0.291594904320725,0.0959739910300089,2777.49181062227,1133.81622934504,-1000,0,36353.5477912969,10911.5372174038,37955.7911452376,-3777.49181062227,-1133.81622934504
38999.9389648438,12000,2777.49206391401,1133.81543143629,3943.98067864009,3450.13411555511,0,37876.9103637562,0.7900631,0.387568907591798,0,0.291594913589075,0.0959739940027229,2777.49179674316,1133.81626334449,-1000,0,36277.996735623,10888.8608933237,37876.9103637562,-3777.49179674316,-1133.81626334449
38979.9377441406,12000,2833.04189832908,1156.49175687774,3943.98067511368,3450.1342223617,0,37798.0295823453,0.806575,0.387568919858408,0,0.291594922876767,0.0959739969816408,2777.49178283507,1133.8162974149,-1000,0,36202.4456802266,10866.1845685637,37798.0295823453,-3777.49178283507,-1133.8162974149
38959.9365234375,12000,2888.5917324654,1179.16808300201,3943.9806715799,3450.13432939165,0,37719.1488010049,0.8235871,0.387568932150671,0,0.291594932183883,0.0959739999667885,2777.49176889791,1133.81633155656,-1000,0,36126.8946251084,10843.5082431223,37719.1488010049,-3777.49176889791,-1133.81633155656
38939.9353027344,12000,2944.1415663224,1201.84440981055,3943.98066803871,3450.1344366459,0,37640.2680197352,0.840099,0.387568944468695,0,0.291594941510503,0.0959740029581921,2777.49175493153,1133.81636576977,-1000,0,36051.343570269,10820.831916998,37640.2680197352,-3777.49175493153,-1133.81636576977
38919.9340820313,12000,2999.69139989948,1224.52073730479,3943.98066449008,3450.1345441254,0,37561.3872385362,0.856611,0.387568956812588,0,0.29159495085671,0.0959740059558779,2777.49174093582,1133.81640005483,-1000,0,35975.7925157089,10798.1555901894,37561.3872385362,-3777.49174093582,-1133.81640005483
38899.9328613281,12000,3055.24123319606,1247.19706548618,3943.98066093399,3450.13465183108,0,37482.5064574083,0.8736227,0.387568969182458,0,0.291594960222586,0.0959740089598723,2777.49172691066,1133.81643441205,-1000,0,35900.2414614286,10775.4792626952,37482.5064574083,-3777.49172691066,-1133.81643441205
38879.931640625,12000,3110.79106621154,1269.87339435616,3943.9806573704,3450.13475976391,0,37403.6256763515,0.889634,0.387568981578416,0,0.291594969608214,0.0959740119702019,2777.49171285592,1133.81646884172,-1000,0,35824.6904074289,10752.8029345138,37403.6256763515,-3777.49171285592,-1133.81646884172
38859.9304199219,12000,3166.34089894533,1292.54972391619,3943.98065379927,3450.13486792485,0,37324.744895366,0.9066461,0.387568994000571,0,0.291594979013677,0.0959740149868936,2777.49169877147,1133.81650334415,-1000,0,35749.1393537103,10730.1266056438,37324.744895366,-3777.49169877147,-1133.81650334415
38839.9291992188,12000,3221.89073139684,1315.22605416772,3943.98065022059,3450.13497631485,0,37245.8641144518,0.9226575,0.387569006449035,0,0.291594988439061,0.0959740180099741,2777.4916846572,1133.81653791965,-1000,0,35673.5883002734,10707.4502760838,37245.8641144518,-3777.4916846572,-1133.81653791965
38819.9279785156,12000,3277.44056356546,1337.90238511224,3943.9806466343,3450.1350849349,0,37166.9833336093,0.93967,0.387569018923919,0,0.291594997884448,0.0959740210394708,2777.49167051297,1133.81657256854,-1000,0,35598.0372471188,10684.7739458323,37166.9833336093,-3777.49167051297,-1133.81657256854
38799.9267578125,12000,3332.9903954506,1360.57871675121,3943.98064304039,3450.13519378597,0,37088.1025528385,0.9556814,0.387569031425335,0,0.291595007349924,0.0959740240754108,2777.49165633866,1133.81660729112,-1000,0,35522.486194247,10662.0976148878,37088.1025528385,-3777.49165633866,-1133.81660729112
38779.9255371094,12000,3388.54022705165,1383.2550490861,3943.98063943882,3450.13530286904,0,37009.2217721396,0.9726934,0.387569043953397,0,0.291595016835576,0.0959740271178217,2777.49164213413,1133.81664208771,-1000,0,35446.9351416588,10639.4212832488,37009.2217721396,-3777.49164213413,-1133.81664208771
38759.9243164063,12000,3444.090058368,1405.93138211842,3943.98063582956,3450.13541218512,0,36930.3409915127,0.989205,0.387569056508219,0,0.291595026341488,0.0959740301667311,2777.49162789927,1133.81667695862,-1000,0,35371.3840893546,10616.7449509139,36930.3409915127,-3777.49162789927,-1133.81667695862
38739.9230957031,12000,3499.63988939904,1428.60771584965,3943.98063221257,3450.13552173518,0,36851.460210958,1.0057165,0.387569069089915,0,0.291595035867748,0.0959740332221667,2777.49161363393,1133.81671190417,-1000,0,35295.8330373351,10594.0686178816,36851.460210958,-3777.49161363393,-1133.81671190417
38719.921875,12000,3555.18972014417,1451.28405028129,3943.98062858782,3450.13563152025,0,36772.5794304757,1.022228,0.3875690816986,0,0.291595045414443,0.0959740362841567,2777.49159933799,1133.81674692469,-1000,0,35220.281985601,10571.3922841504,36772.5794304757,-3777.49159933799,-1133.81674692469
38699.9206542969,12000,3610.73955060276,1473.96038541484,3943.98062495528,3450.13574154133,0,36693.6986500658,1.03874,0.387569094334391,0,0.291595054981661,0.0959740393527291,2777.49158501132,1133.81678202049,-1000,0,35144.7309341527,10548.7159497187,36693.6986500658,-3777.49158501132,-1133.81678202049
38679.9194335938,12000,3666.2893807742,1496.63672125182,3943.98062131491,3450.13585179943,0,36614.8178697286,1.0547513,0.387569106997403,0,0.291595064569491,0.0959740424279124,2777.49157065378,1133.81681719191,-1000,0,35069.179882991,10526.0396145852,36614.8178697286,-3777.49157065378,-1133.81681719191
38659.9182128906,12000,3721.83921065787,1519.31305779375,3943.98061766669,3450.13596229558,0,36535.9370894642,1.0722636,0.387569119687756,0,0.291595074178021,0.0959740455097351,2777.49155626525,1133.81685243925,-1000,0,34993.6288321164,10503.3632787482,36535.9370894642,-3777.49155626525,-1133.81685243925
38639.9169921875,12000,3777.38904025314,1541.98939504215,3943.98061401057,3450.13607303081,0,36457.0563092728,1.0887755,0.387569132405566,0,0.29159508380734,0.0959740485982258,2777.49154184558,1133.81688776286,-1000,0,34918.0777815296,10480.6869422062,36457.0563092728,-3777.49154184558,-1133.81688776286
38619.9157714844,12000,3832.9388695594,1564.66573299856,3943.98061034652,3450.13618400616,0,36378.1755291545,1.1047869,0.387569145150954,0,0.29159509345754,0.0959740516934136,2777.49152739464,1133.81692316307,-1000,0,34842.5267312312,10458.0106049578,36378.1755291545,-3777.49152739464,-1133.81692316307
38599.9145507813,12000,3888.48869857601,1587.34207166451,3943.98060667451,3450.13629522267,0,36299.2947491095,1.1217994,0.387569157924039,0,0.291595103128711,0.0959740547953276,2777.4915129123,1133.8169586402,-1000,0,34766.9756812218,10435.3342670014,36299.2947491095,-3777.4915129123,-1133.8169586402
38579.9133300781,12000,3944.03852730234,1610.01841104155,3943.9806029945,3450.13640668138,0,36220.4139691379,1.1378104,0.387569170724941,0,0.291595112820944,0.0959740579039969,2777.49149839842,1133.8169941946,-1000,0,34691.4246315021,10412.6579283355,36220.4139691379,-3777.49149839842,-1133.8169941946
38559.912109375,12000,3999.58835573777,1632.69475113122,3943.98059930646,3450.13651838337,0,36141.5331892399,1.1543223,0.387569183553782,0,0.291595122534331,0.0959740610194512,2777.49148385287,1133.8170298266,-1000,0,34615.8735820727,10389.9815889585,36141.5331892399,-3777.49148385287,-1133.8170298266
38539.9108886719,12000,4055.13818388164,1655.3710919351,3943.98059561035,3450.13663032969,0,36062.6524094157,1.171334,0.387569196410685,0,0.291595132268964,0.0959740641417201,2777.49146927549,1133.81706553654,-1000,0,34540.3225329341,10367.3052488688,36062.6524094157,-3777.49146927549,-1133.81706553654
38519.9096679688,12000,4110.68801173333,1678.04743345474,3943.98059190614,3450.13674252141,0,35983.7716296655,1.1873457,0.387569209295771,0,0.291595142024938,0.0959740672708335,2777.49145466616,1133.81710132475,-1000,0,34464.7714840871,10344.6289080649,35983.7716296655,-3777.49145466616,-1133.81710132475
38499.9084472656,12000,4166.23783929219,1700.72377569171,3943.98058819379,3450.13685495961,0,35904.8908499893,1.2038573,0.387569222209166,0,0.291595151802345,0.0959740704068215,2777.49144002473,1133.8171371916,-1000,0,34389.2204355323,10321.9525665453,35904.8908499893,-3777.49144002473,-1133.8171371916
38479.9072265625,12000,4221.78766655757,1723.4001186476,3943.98058447327,3450.13696764538,0,35826.0100703873,1.2203692,0.387569235150994,0,0.29159516160128,0.0959740735497143,2777.49142535106,1133.81717313741,-1000,0,34313.6693872703,10299.2762243083,35826.0100703873,-3777.49142535106,-1133.81717313741
38459.9060058594,12000,4277.33749352884,1746.076462324,3943.98058074454,3450.13708057981,0,35747.1292908598,1.2368807,0.38756924812138,0,0.291595171421838,0.0959740766995424,2777.49141064502,1133.81720916255,-1000,0,34238.1183393018,10276.5998813524,35747.1292908598,-3777.49141064502,-1133.81720916255
38439.9047851563,12000,4332.88732020533,1768.75280672249,3943.98057700756,3450.137193764,0,35668.2485114068,1.2533923,0.387569261120451,0,0.291595181264114,0.0959740798563365,2777.49139590645,1133.81724526736,-1000,0,34162.5672916274,10253.923537676,35668.2485114068,-3777.49139590645,-1133.81724526736
38419.9035644531,12000,4388.4371465864,1791.42915184468,3943.9805732623,3450.13730719905,0,35589.3677320287,1.2704048,0.387569274148333,0,0.291595191128206,0.0959740830201274,2777.49138113521,1133.81728145219,-1000,0,34087.0162442478,10231.2471932775,35589.3677320287,-3777.49138113521,-1133.81728145219
38399.90234375,12000,4443.98697267139,1814.10549769217,3943.98056950872,3450.13742088609,0,35510.4869527253,1.2869167,0.387569287205155,0,0.291595201014209,0.0959740861909463,2777.49136633116,1133.8173177174,-1000,0,34011.4651971636,10208.5708481553,35510.4869527253,-3777.49136633116,-1133.8173177174
38379.9011230469,12000,4499.53679845964,1836.78184426658,3943.98056574678,3450.13753482623,0,35431.6061734971,1.3034278,0.387569300291046,0,0.291595210922221,0.0959740893688244,2777.49135149415,1133.81735406335,-1000,0,33935.9141503755,10185.8945023078,35431.6061734971,-3777.49135149415,-1133.81735406335
38359.8999023438,12000,4555.08662395048,1859.45819156953,3943.98056197645,3450.1376490206,0,35352.7253943442,1.3199397,0.387569313406135,0,0.291595220852342,0.0959740925537932,2777.49133662403,1133.81739049039,-1000,0,33860.3631038841,10163.2181557334,35352.7253943442,-3777.49133662403,-1133.81739049039
38339.8986816406,12000,4610.63644914326,1882.13453960266,3943.98055819769,3450.13776347034,0,35273.8446152666,1.3364517,0.387569326550553,0,0.291595230804668,0.0959740957458845,2777.49132172066,1133.8174269989,-1000,0,33784.8120576901,10140.5418084305,35273.8446152666,-3777.49132172066,-1133.8174269989
38319.8974609375,12000,4666.1862740373,1904.81088836759,3943.98055441045,3450.13787817659,0,35194.9638362646,1.3539639,0.387569339724431,0,0.291595240779301,0.0959740989451302,2777.49130678389,1133.81746358923,-1000,0,33709.2610117942,10117.8654603973,35194.9638362646,-3777.49130678389,-1133.81746358923
38299.8962402344,12000,4721.73609863194,1927.48723786596,3943.98055061471,3450.13799314051,0,35116.0830573384,1.3699753,0.387569352927902,0,0.29159525077634,0.0959741021515624,2777.49129181356,1133.81750026176,-1000,0,33633.7099661971,10095.1891116324,35116.0830573384,-3777.49129181356,-1133.81750026176
38279.8950195313,12000,4777.28592292649,1950.16358809945,3943.98054681043,3450.13810836326,0,35037.202278488,1.3864868,0.387569366161099,0,0.291595260795886,0.0959741053652135,2777.49127680953,1133.81753701685,-1000,0,33558.1589208993,10072.512762134,35037.202278488,-3777.49127680953,-1133.81753701685
38259.8937988281,12000,4832.83574692029,1972.83993906969,3943.98054299756,3450.138223846,0,34958.3214997138,1.402499,0.387569379424156,0,0.29159527083804,0.095974108586116,2777.49126177165,1133.81757385487,-1000,0,33482.6078759016,10049.8364119006,34958.3214997138,-3777.49126177165,-1133.81757385487
38239.892578125,12000,4888.38557061265,1995.51629077836,3943.98053917606,3450.13833958991,0,34879.4407210158,1.4195107,0.387569392717209,0,0.291595280902906,0.0959741118143028,2777.49124669975,1133.81761077621,-1000,0,33407.0568312047,10027.1600609303,34879.4407210158,-3777.49124669975,-1133.81761077621
38219.8913574219,12000,4943.93539400289,2018.19264322712,3943.98053534591,3450.13845559618,0,34800.5599423943,1.4355217,0.387569406040392,0,0.291595290990585,0.0959741150498068,2777.49123159369,1133.81764778124,-1000,0,33331.5057868092,10004.4837092216,34800.5599423943,-3777.49123159369,-1133.81764778124
38199.8901367188,12000,4999.48521709032,2040.86899641767,3943.98053150705,3450.138571866,0,34721.6791638494,1.4525338,0.387569419393844,0,0.291595301101182,0.0959741182926614,2777.49121645331,1133.81768487033,-1000,0,33255.9547427159,9981.80735677288,34721.6791638494,-3777.49121645331,-1133.81768487033
38179.8889160156,12000,5055.03503987425,2063.5453503517,3943.98052765945,3450.13868840056,0,34642.7983853812,1.4690457,0.387569432777701,0,0.291595311234801,0.0959741215429,2777.49120127845,1133.81772204388,-1000,0,33180.4036989253,9959.13100358232,34642.7983853812,-3777.49120127845,-1133.81772204388
38159.8876953125,12000,5110.584862354,2086.22170503089,3943.98052380307,3450.13880520108,0,34563.91760699,1.4855572,0.387569446192103,0,0.291595321391547,0.0959741248005563,2777.49118606897,1133.81775930226,-1000,0,33104.8526554382,9936.4546496483,34563.91760699,-3777.49118606897,-1133.81775930226
38139.8864746094,12000,5166.13468452885,2108.89806045695,3943.98051993787,3450.13892226877,0,34485.0368286759,1.5020691,0.38756945963719,0,0.291595331571526,0.0959741280656642,2777.49117082469,1133.81779664587,-1000,0,33029.3016122554,9913.77829496911,34485.0368286759,-3777.49117082469,-1133.81779664587
38119.8852539063,12000,5221.68450639813,2131.57441663159,3943.98051606381,3450.13903960485,0,34406.1560504392,1.5190812,0.387569473113102,0,0.291595341774844,0.0959741313382579,2777.49115554546,1133.8178340751,-1000,0,32953.7505693774,9891.10193954305,34406.1560504392,-3777.49115554546,-1133.8178340751
38099.8840332031,12000,5277.23432796111,2154.25077355654,3943.98051218084,3450.13915721057,0,34327.2752722799,1.5350926,0.387569486619981,0,0.291595352001609,0.0959741346183719,2777.49114023112,1133.81787159033,-1000,0,32878.199526805,9868.42558336841,34327.2752722799,-3777.49114023112,-1133.81787159033
38079.8828125,12000,5332.78414921711,2176.92713123353,3943.98050828893,3450.13927508716,0,34248.3944941983,1.5521232,0.387569500157969,0,0.291595362251928,0.0959741379060407,2777.49112488151,1133.81790919197,-1000,0,32802.6484845389,9845.74922644346,34248.3944941983,-3777.49112488151,-1133.81790919197
38059.8815917969,12000,5388.3339701654,2199.60348966428,3943.98050438804,3450.13939323587,0,34169.5137161945,1.5686174,0.38756951372721,0,0.29159537252591,0.0959741412012992,2777.49110949646,1133.81794688042,-1000,0,32727.0974425798,9823.07286876647,34169.5137161945,-3777.49110949646,-1133.81794688042
38039.8803710938,12000,5443.88379080528,2222.27984885054,3943.98050047812,3450.13951165797,0,34090.6329382688,1.5851297,0.387569527327848,0,0.291595382823666,0.0959741445041826,2777.49109407581,1133.81798465607,-1000,0,32651.5464009283,9800.39651033572,34090.6329382688,-3777.49109407581,-1133.81798465607
38019.8791503906,12000,5499.43361113604,2244.95620879408,3943.98049655913,3450.13963035472,0,34011.7521604213,1.6016409,0.38756954096003,0,0.291595393145304,0.0959741478147261,2777.4910786194,1133.81802251934,-1000,0,32575.9953595853,9777.72015114946,34011.7521604213,-3777.4910786194,-1133.81802251934
37999.8779296875,12000,5554.98343115694,2267.63256949663,3943.98049263103,3450.13974932739,0,33932.8713826521,1.6176519,0.387569554623903,0,0.291595403490937,0.0959741511329656,2777.49106312705,1133.81806047062,-1000,0,32500.4443185515,9755.04379120592,33932.8713826521,-3777.49106312705,-1133.81806047062
37979.8767089844,12000,5610.53325086728,2290.30893095998,3943.98048869378,3450.13986857728,0,33853.9906049615,1.6346631,0.387569568319613,0,0.291595413860676,0.0959741544589367,2777.49104759861,1133.81809851033,-1000,0,32424.8932778274,9732.36743050337,33853.9906049615,-3777.49104759861,-1133.81809851033
37959.8754882813,12000,5666.08307026632,2312.9852931859,3943.98048474733,3450.13998810567,0,33775.1098273497,1.6511747,0.387569582047309,0,0.291595424254633,0.0959741577926757,2777.4910320339,1133.81813663889,-1000,0,32349.342237414,9709.69106904002,33775.1098273497,-3777.4910320339,-1133.81813663889
37939.8742675781,12000,5721.63288935334,2335.66165617618,3943.98048079165,3450.14010791388,0,33696.2290498167,1.6676866,0.387569595807141,0,0.291595434672922,0.0959741611342188,2777.49101643275,1133.8181748567,-1000,0,32273.7911973118,9687.0147068141,33696.2290498167,-3777.49101643275,-1133.8181748567
37919.873046875,12000,5777.18270812761,2358.33801993261,3943.98047682668,3450.14022800322,0,33617.3482723629,1.6841985,0.387569609599261,0,0.291595445115658,0.0959741644836027,2777.49100079499,1133.81821316418,-1000,0,32198.2401575217,9664.33834382382,33617.3482723629,-3777.49100079499,-1133.81821316418
37899.8718261719,12000,5832.73252658838,2381.01438445699,3943.98047285238,3450.140348375,0,33538.4674949885,1.7007101,0.387569623423819,0,0.291595455582954,0.0959741678408643,2777.49098512046,1133.81825156177,-1000,0,32122.6891180443,9641.66198006739,33538.4674949885,-3777.49098512046,-1133.81825156177
37879.8706054688,12000,5888.28234473492,2403.69074975113,3943.98046886872,3450.14046903056,0,33459.5867176934,1.7167214,0.387569637280969,0,0.291595466074928,0.0959741712060408,2777.49096940897,1133.81829004988,-1000,0,32047.1380788804,9618.98561554301,33459.5867176934,-3777.49096940897,-1133.81829004988
37859.8693847656,12000,5943.8321625665,2426.36711581685,3943.98046487564,3450.14058997124,0,33380.7059404781,1.7337339,0.387569651170865,0,0.291595476591695,0.0959741745791695,2777.49095366035,1133.81832862894,-1000,0,31971.5870400307,9596.30925024887,33380.7059404781,-3777.49095366035,-1133.81832862894
37839.8681640625,12000,5999.38198008235,2449.04348265598,3943.98046087311,3450.1407111984,0,33301.8251633427,1.7513385,0.387569665093661,0,0.291595487133373,0.0959741779602881,2777.49093787443,1133.81836729938,-1000,0,31896.036001496,9573.63288418315,33301.8251633427,-3777.49093787443,-1133.81836729938
37819.8669433594,12000,6054.93179728174,2471.71985027036,3943.98045686107,3450.14083271338,0,33222.9443862873,1.766639,0.387569679049515,0,0.291595497700081,0.0959741813494346,2777.49092205102,1133.81840606164,-1000,0,31820.484963277,9550.95651734402,33222.9443862873,-3777.49092205102,-1133.81840606164
37799.8657226563,12000,6110.4816141639,2494.39621866183,3943.98045283948,3450.14095451757,0,33144.0636093121,1.7832681,0.387569693038584,0,0.291595508291937,0.0959741847466471,2777.49090618996,1133.81844491615,-1000,0,31744.9339253745,9528.28014972964,33144.0636093121,-3777.49090618996,-1133.81844491615
37779.8645019531,12000,6166.03143072809,2517.07258783224,3943.9804488083,3450.14107661234,0,33065.1828324174,1.7997552,0.387569707061025,0,0.291595518909061,0.0959741881519641,2777.49089029106,1133.81848386335,-1000,0,31669.3828877892,9505.60378133817,33065.1828324174,-3777.49089029106,-1133.81848386335
37759.86328125,12000,6221.58124697353,2539.74895778345,3943.98044476748,3450.14119899908,0,32986.3020556033,1.8163769,0.387569721116999,0,0.291595529551575,0.0959741915654245,2777.49087435413,1133.81852290369,-1000,0,31593.8318505219,9482.92741216776,32986.3020556033,-3777.49087435413,-1133.81852290369
37739.8620605469,12000,6277.13106289948,2562.42532851735,3943.98044071697,3450.1413216792,0,32907.42127887,1.8375213,0.387569735206667,0,0.291595540219599,0.0959741949870672,2777.49085837901,1133.81856203762,-1000,0,31518.2808135733,9460.25104221655,32907.42127887,-3777.49085837901,-1133.81856203762
37719.8608398438,12000,6332.68087850515,2585.10170003581,3943.98043665673,3450.14144465409,0,32828.5405022177,1.8550343,0.387569749330189,0,0.291595550913258,0.0959741984169317,2777.49084236549,1133.81860126557,-1000,0,31442.7297769443,9437.57467148265,32828.5405022177,-3777.49084236549,-1133.81860126557
37699.8596191406,12000,6388.23069378979,2607.77807234071,3943.98043258671,3450.14156792518,0,32749.6597256467,1.8680451,0.387569763487731,0,0.291595561632673,0.0959742018550574,2777.49082631341,1133.81864058801,-1000,0,31367.1787406355,9414.8982999642,32749.6597256467,-3777.49082631341,-1133.81864058801
37679.8583984375,12000,6443.7805087526,2630.45444543396,3943.98042850686,3450.14169149391,0,32670.778949157,1.8842863,0.387569777679454,0,0.29159557237797,0.0959742053014842,2777.49081022257,1133.81868000539,-1000,0,31291.6277046477,9392.22192765929,32670.778949157,-3777.49081022257,-1133.81868000539
37659.8571777344,12000,6499.33032339282,2653.13081931747,3943.98042441714,3450.14181536171,0,32591.898172749,1.9007177,0.387569791905526,0,0.291595583149274,0.0959742087562524,2777.49079409278,1133.81871951818,-1000,0,31216.0766689818,9369.54555456604,32591.898172749,-3777.49079409278,-1133.81871951818
37639.8559570313,12000,6554.88013770967,2675.80719399315,3943.98042031749,3450.14193953003,0,32513.0173964227,1.9167488,0.387569806166113,0,0.291595593946711,0.0959742122194024,2777.49077792386,1133.81875912683,-1000,0,31140.5256336384,9346.86918068253,32513.0173964227,-3777.49077792386,-1133.81875912683
37619.8547363281,12000,6610.42995170234,2698.48356946293,3943.98041620787,3450.14206400034,0,32434.1366201784,1.9355586,0.387569820461383,0,0.291595604770407,0.0959742156909751,2777.49076171562,1133.81879883181,-1000,0,31064.9745986185,9324.19280600685,32434.1366201784,-3777.49076171562,-1133.81879883181
37599.853515625,12000,6665.97976537007,2721.15994572874,3943.98041208824,3450.1421887741,0,32355.2558440164,1.9505657,0.387569834791504,0,0.291595615620492,0.0959742191710114,2777.49074546786,1133.81883863358,-1000,0,30989.4235639227,9301.51643053707,32355.2558440164,-3777.49074546786,-1133.81883863358
37579.8522949219,12000,6721.52957871204,2743.83632279254,3943.98040795854,3450.1423138528,0,32276.3750679367,1.9670934,0.387569849156647,0,0.291595626497094,0.0959742226595527,2777.49072918039,1133.81887853264,-1000,0,30913.8725295518,9278.84005427126,32276.3750679367,-3777.49072918039,-1133.81887853264
37559.8510742188,12000,6777.07939172746,2766.51270065627,3943.98040381871,3450.14243923794,0,32197.4942919396,1.9842014,0.387569863556984,0,0.291595637400343,0.0959742261566408,2777.49071285301,1133.81891852944,-1000,0,30838.3214955067,9256.16367720746,32197.4942919396,-3777.49071285301,-1133.81891852944
37539.8498535156,12000,6832.62920441554,2789.1890793219,3943.98039966873,3450.14256493102,0,32118.6135160254,2.0005929,0.387569877992688,0,0.29159564833037,0.0959742296623175,2777.49069648554,1133.81895862447,-1000,0,30762.7704617882,9233.48729934373,32118.6135160254,-3777.49069648554,-1133.81895862447
37519.8486328125,12000,6888.17901677546,2811.86545879141,3943.98039550852,3450.14269093356,0,32039.7327401941,2.0163738,0.387569892463932,0,0.291595659287307,0.0959742331766252,2777.49068007777,1133.81899881822,-1000,0,30687.219428397,9210.8109206781,32039.7327401941,-3777.49068007777,-1133.81899881822
37499.8474121094,12000,6943.72882880641,2834.54183906678,3943.98039133805,3450.14281724708,0,31960.8519644461,2.0336677,0.387569906970893,0,0.291595670271286,0.0959742366996065,2777.4906636295,1133.81903911117,-1000,0,30611.6683953339,9188.13454120859,31960.8519644461,-3777.4906636295,-1133.81903911117
37479.8461914063,12000,6999.27864050759,2857.21822015,3943.98038715725,3450.14294387312,0,31881.9711887814,2.0502306,0.387569921513746,0,0.291595681282442,0.0959742402313043,2777.49064714053,1133.81907950381,-1000,0,30536.1173625998,9165.45816093322,31881.9711887814,-3777.49064714053,-1133.81907950381
37459.8449707031,12000,7054.82845187817,2879.89460204307,3943.98038296609,3450.14307081324,0,31803.0904132004,2.0663024,0.387569936092671,0,0.291595692320909,0.0959742437717618,2777.49063061067,1133.81911999663,-1000,0,30460.5663301955,9142.78177985,31803.0904132004,-3777.49063061067,-1133.81911999663
37439.84375,12000,7110.37826291733,2902.57098474802,3943.98037876451,3450.14319806899,0,31724.2096377032,2.0833701,0.387569950707846,0,0.291595703386823,0.0959742473210226,2777.49061403971,1133.81916059014,-1000,0,30385.0152981218,9120.10539795693,31724.2096377032,-3777.49061403971,-1133.81916059014
37419.8425292969,12000,7165.92807362424,2925.24736826686,3943.98037455245,3450.14332564195,0,31645.32886229,2.0989425,0.387569965359451,0,0.291595714480321,0.0959742508791307,2777.49059742743,1133.81920128484,-1000,0,30309.4642663795,9097.42901525198,31645.32886229,-3777.49059742743,-1133.81920128484
37399.8413085938,12000,7221.47788399808,2947.92375260163,3943.98037032986,3450.14345353371,0,31566.4480869611,2.115649,0.38756998004767,0,0.29159572560154,0.0959742544461301,2777.49058077365,1133.81924208123,-1000,0,30233.9132349695,9074.75263173314,31566.4480869611,-3777.49058077365,-1133.81924208123
37379.8400878906,12000,7277.02769403801,2970.60013775437,3943.9803660967,3450.14358174585,0,31487.5673117167,2.1330085,0.387569994772686,0,0.291595736750621,0.0959742580220655,2777.49056407814,1133.81928297982,-1000,0,30158.3622038925,9052.07624739837,31487.5673117167,-3777.49056407814,-1133.81928297982
37359.8388671875,12000,7332.57750374318,2993.27652372713,3943.98036185291,3450.14371028,0,31408.6865365569,2.149089,0.387570009534683,0,0.291595747927701,0.0959742616069817,2777.49054734071,1133.81932398113,-1000,0,30082.8111731495,9029.39986224563,31408.6865365569,-3777.49054734071,-1133.81932398113
37339.8376464844,12000,7388.12731311277,3015.95291052199,3943.98035759843,3450.14383913776,0,31329.805761482,2.1656716,0.387570024333848,0,0.291595759132924,0.0959742652009241,2777.49053056113,1133.81936508567,-1000,0,30007.2601427412,9006.72347627287,31329.805761482,-3777.49053056113,-1133.81936508567
37319.8364257813,12000,7443.67712214592,3038.62929814101,3943.98035333321,3450.14396832079,0,31250.9249864921,2.1824152,0.387570039170368,0,0.29159577036643,0.095974268803938,2777.49051373919,1133.81940629396,-1000,0,29931.7091126685,8984.04708947801,31250.9249864921,-3777.49051373919,-1133.81940629396
37299.8352050781,12000,7499.22693084178,3061.30568658629,3943.9803490572,3450.14409783071,0,31172.0442115876,2.1972514,0.387570054044432,0,0.291595781628362,0.0959742724160694,2777.49049687469,1133.81944760654,-1000,0,29856.1580829322,8961.37070185899,31172.0442115876,-3777.49049687469,-1133.81944760654
37279.833984375,12000,7554.77673919949,3083.98207585991,3943.98034477034,3450.1442276692,0,31093.1634367687,2.2153222,0.387570068956231,0,0.291595792918866,0.0959742760373647,2777.4904799674,1133.81948902392,-1000,0,29780.6070535332,8938.69431341371,31093.1634367687,-3777.4904799674,-1133.81948902392
37259.8327636719,12000,7610.3265472182,3106.65846596398,3943.98034047258,3450.14435783791,0,31014.2826620354,2.2313991,0.387570083905957,0,0.291595804238086,0.0959742796678704,2777.49046301711,1133.81953054664,-1000,0,29705.0560244724,8916.01792414009,31014.2826620354,-3777.49046301711,-1133.81953054664
37239.8315429688,12000,7665.87635489704,3129.33485690063,3943.98033616386,3450.14448833854,0,30935.4018873881,2.247943,0.387570098893803,0,0.291595815586169,0.0959742833076335,2777.4904460236,1133.81957217524,-1000,0,29629.5049957506,8893.34153403602,30935.4018873881,-3777.4904460236,-1133.81957217524
37219.8303222656,12000,7721.42616223514,3152.01124867198,3943.98033184412,3450.14461917279,0,30856.521112827,2.265006,0.387570113919964,0,0.291595826963263,0.0959742869567013,2777.49042898664,1133.81961391025,-1000,0,29553.9539673686,8870.66514309937,30856.521112827,-3777.49042898664,-1133.81961391025
37199.8291015625,12000,7776.97596923162,3174.68764128017,3943.98032751332,3450.14475034236,0,30777.6403383523,2.282602,0.387570128984636,0,0.291595838369515,0.0959742906151215,2777.49041190602,1133.81965575224,-1000,0,29478.4029393274,8847.98875132802,30777.6403383523,-3777.49041190602,-1133.81965575224
37179.8278808594,12000,7832.52577588562,3197.36403472735,3943.98032317138,3450.14488184897,0,30698.7595639642,2.2996228,0.387570144088018,0,0.291595849805076,0.0959742942829422,2777.49039478151,1133.81969770174,-1000,0,29402.8519116278,8825.31235871983,30698.7595639642,-3777.49039478151,-1133.81969770174
37159.8266601563,12000,7888.07558219624,3220.04042901568,3943.98031881826,3450.14501369437,0,30619.878789663,2.3149682,0.387570159230309,0,0.291595861270097,0.0959742979602118,2777.49037761288,1133.8197397593,-1000,0,29327.3008842706,8802.63596527265,30619.878789663,-3777.49037761288,-1133.8197397593
37139.8254394531,12000,7943.6253881626,3242.71682414733,3943.98031445389,3450.1451458803,0,30540.9980154488,2.3334945,0.38757017441171,0,0.291595872764731,0.0959743016469791,2777.49036039991,1133.8197819255,-1000,0,29251.7498572569,8779.95957098432,30540.9980154488,-3777.49036039991,-1133.8197819255
37119.82421875,12000,7999.17519378381,3265.39322012449,3943.98031007822,3450.14527840852,0,30462.1172413219,2.3503002,0.387570189632423,0,0.291595884289129,0.0959743053432933,2777.49034314236,1133.81982420088,-1000,0,29176.1988305874,8757.28317585267,30462.1172413219,-3777.49034314236,-1133.81982420088
37099.8229980469,12000,8054.72499905898,3288.06961694935,3943.9803056912,3450.14541128082,0,30383.2364672825,2.366231,0.387570204892652,0,0.291595895843448,0.095974309049204,2777.49032584001,1133.81986658602,-1000,0,29100.6478042631,8734.60677987551,30383.2364672825,-3777.49032584001,-1133.81986658602
37079.8217773438,12000,8110.2748039872,3310.74601462413,3943.98030129275,3450.14554449899,0,30304.3556933309,2.3823245,0.387570220192604,0,0.291595907427843,0.0959743127647611,2777.49030849262,1133.81990908149,-1000,0,29025.0967782848,8711.93038305065,30304.3556933309,-3777.49030849262,-1133.81990908149
37059.8205566406,12000,8165.82460856756,3333.42241315103,3943.98029688282,3450.14567806482,0,30225.4749194673,2.3994988,0.387570235532485,0,0.29159591904247,0.0959743164900151,2777.49029109996,1133.81995168786,-1000,0,28949.5457526534,8689.25398537588,30225.4749194673,-3777.49029109996,-1133.81995168786
37039.8193359375,12000,8221.37441279916,3356.09881253228,3943.98029246136,3450.14581198014,0,30146.5941456918,2.4150768,0.387570250912505,0,0.291595930687488,0.0959743202250165,2777.49027366179,1133.81999440572,-1000,0,28873.9947273699,8666.57758684897,30146.5941456918,-3777.49027366179,-1133.81999440572
37019.8181152344,12000,8276.92421668108,3378.77521277014,3943.98028802829,3450.14594624679,0,30067.7133720048,2.4335621,0.387570266332874,0,0.291595942363057,0.0959743239698167,2777.49025617786,1133.82003723564,-1000,0,28798.4437024352,8643.90118746772,30067.7133720048,-3777.49025617786,-1133.82003723564
36999.8168945313,12000,8332.47402021241,3401.45161386685,3943.98028358357,3450.14608086661,0,29988.8325984065,2.4498198,0.387570281793804,0,0.291595954069337,0.0959743277244671,2777.49023864795,1133.82008017822,-1000,0,28722.8926778502,8621.22478722986,29988.8325984065,-3777.49023864795,-1133.82008017822
36979.8156738281,12000,8388.02382339221,3424.12801582467,3943.98027912712,3450.14621584146,0,29909.951824897,2.4643307,0.387570297295509,0,0.29159596580649,0.0959743314890196,2777.49022107181,1133.82012323406,-1000,0,28647.3416536157,8598.54838613315,29909.951824897,-3777.49022107181,-1133.82012323406
36959.814453125,12000,8443.57362621956,3446.80441864589,3943.98027465888,3450.14635117323,0,29831.0710514767,2.4881709,0.387570312838206,0,0.291595977574679,0.0959743352635267,2777.49020344918,1133.82016640375,-1000,0,28571.7906297328,8575.87198417533,29831.0710514767,-3777.49020344918,-1133.82016640375
36939.8132324219,12000,8499.12342869352,3469.48082233279,3943.9802701788,3450.1464868638,0,29752.1902781457,6.0698121,0.387570328422111,0,0.29159598937407,0.0959743390480411,2777.49018577984,1133.82020968789,-1000,0,28496.2396062023,8553.19558135411,29752.1902781457,-3777.49018577984,-1133.82020968789
36919.8120117188,12000,8554.67323081316,3492.15722688767,3943.98026568682,3450.14662291508,0,29673.3095049044,6.0773169,0.387570344047443,0,0.291596001204827,0.0959743428426161,2777.49016806352,1133.8202530871,-1000,0,28420.6885830252,8530.51917766721,29673.3095049044,-3777.49016806352,-1133.8202530871
36899.8107910156,12000,8610.22303257752,3514.83363231286,3943.98026118285,3450.14675932899,0,29594.4287317529,6.0838217,0.387570359714424,0,0.291596013067118,0.0959743466473052,2777.49015029998,1133.82029660198,-1000,0,28345.1375602025,8507.84277311233,29594.4287317529,-3777.49015029998,-1133.82029660198
36879.8095703125,12000,8665.77283398567,3537.51003861066,3943.98025666685,3450.14689610748,0,29515.5479586915,6.1066991,0.387570375423275,0,0.291596024961112,0.0959743504621626,2777.49013248896,1133.82034023316,-1000,0,28269.586537735,8485.16636768714,29515.5479586915,-3777.49013248896,-1133.82034023316
36859.8083496094,12000,8721.32263503663,3560.18644578343,3943.98025213875,3450.1470332525,0,29436.6671857204,6.1227097,0.387570391174221,0,0.291596036886979,0.0959743542872427,2777.49011463022,1133.82038398126,-1000,0,28194.0355156237,8462.48996138934,29436.6671857204,-3777.49011463022,-1133.82038398126
36839.8071289063,12000,8776.87243572947,3582.86285383351,3943.98024759848,3450.14717076601,0,29357.7864128398,6.1391873,0.38757040696749,0,0.291596048844889,0.0959743581226004,2777.49009672349,1133.8204278469,-1000,0,28118.4844938696,8439.81355421657,29357.7864128398,-3777.49009672349,-1133.8204278469
36819.8059082031,12000,8832.42223606321,3605.53926276327,3943.98024304598,3450.14730865001,0,29278.9056400501,6.1553001,0.387570422803307,0,0.291596060835016,0.0959743619682912,2777.49007876852,1133.82047183073,-1000,0,28042.9334724737,8417.13714616649,29278.9056400501,-3777.49007876852,-1133.82047183073
36799.8046875,12000,8887.97203603687,3628.21567257508,3943.98023848118,3450.14744690649,0,29200.0248673515,6.1722155,0.387570438681904,0,0.291596072857533,0.0959743658243709,2777.49006076504,1133.82051593338,-1000,0,27967.3824514368,8394.46073723673,29200.0248673515,-3777.49006076504,-1133.82051593338

