xplane,yplane,xrocket,yrocket,vc,xnc,rtm,time
39999.99,12000,45.91786,19.75988,3944.0331233217,3448.5452988138,41761.2128088236,
39999.99,12000,91.83939,39.511,3944.08526573779,3446.96486411056,41711.5539084508,
39999.99,11999.99,147.006,63.47715,3944.13742959112,3445.38300521653,41661.8945785748,
39999.99,11999.99,183.3089,78.90172,3944.20230363474,3443.41462993183,41602.1705459787,
39999.99,11999.99,229.7596,98.8608,3944.24205008891,3442.2080696462,41562.9686182463,
39999.99,11999.99,275.3933,118.4399,3944.29494378765,3440.60170559136,41512.745219921,
39999.99,11999.99,321.2842,138.1249,3944.34675607283,3439.02740726246,41463.4143982142,
39999.99,11999.99,367.1077,157.769,3944.39892136014,3437.44160571294,41413.8075351086,
39999.99,11999.99,413.3896,177.6095,3944.45100665932,3435.85745647179,41364.2777498722,
39999.99,11999.99,459.5881,197.4017,3944.5037145348,3434.25357805661,41314.2533806493,
39999.99,11999.99,505.5539,217.0784,3944.55632106608,3432.65198615938,41264.3234071153,
39999.99,11999.99,551.3223,236.6557,3944.60862632728,3431.05877549901,41214.6504020778,
39999.99,11999.99,597.4056,256.3644,3944.66067803821,3429.47250399534,41165.1957269735,
39999.99,11999.99,643.1703,275.9192,3944.71316082703,3427.87230254022,41115.4023690462,
39999.99,11999.99,690.0973,295.9865,3944.76522767678,3426.2839952606,41065.9592662439,
39999.99,11999.99,736.1613,315.6546,3944.81886273187,3424.64702798934,41015.256666474,
39999.99,11999.99,782.0118,335.2162,3944.8713498966,3423.0442864778,40965.4959818864,
39999.99,11999.99,828.2119,354.9244,3944.92356181526,3421.44915534986,40915.970958003,
39999.99,11999.99,874.1986,374.5261,3944.97625172982,3419.83861647289,40866.0699295771,
39999.99,11999.99,919.5829,393.8473,3945.02866611289,3418.23569667162,40816.4045568542,
39999.99,11999.99,966.2579,413.7367,3945.08028594906,3416.65629165266,40767.3972829068,
39999.99,11999.99,1012.166,433.2715,3945.13364417679,3415.02287861111,40716.9918905729,
39999.99,11999.99,1058.492,452.9827,3945.18598415973,3413.41982656631,40667.4231671408,
39999.99,11999.99,1104.197,472.4058,3945.23889361184,3411.79851678603,40617.4051368165,
39999.99,11999.99,1151.005,492.3116,3945.29098320719,3410.20152716776,40568.0638701035,
39999.99,11999.99,1196.73,511.7223,3945.34456209836,3408.55804575589,40517.5296773735,
39999.99,11999.99,1243.553,531.613,3945.39669848444,3406.95800051064,40468.1746583056,
39999.99,11999.99,1289.481,551.093,3945.45031857087,3405.31158516982,40417.6320374071,
39999.99,11999.99,1335.447,570.5793,3945.50274682709,3403.70094445078,40368.0647018812,
39999.99,11999.99,1380.987,589.8652,3945.55523645241,3402.08760429543,40318.4598396862,
39999.99,11999.99,1427.147,609.4169,3945.60716594762,3400.49067775577,40269.3211978396,
39999.99,11999.99,1473.438,629.0161,3945.65993665167,3398.86706340245,40219.5133486369,
39999.99,11999.99,1520.585,648.9865,3945.71289277599,3397.23691292667,40169.5680161221,
39999.99,11999.99,1566.307,668.3109,3945.76701502184,3395.57000404016,40118.69625712,
39999.99,11999.99,1612.499,687.8339,3945.81922923276,3393.96103394184,40069.3755230758,
39999.99,11999.99,1658.073,707.071,3945.87208516514,3392.33146123553,40019.5481565393,
39999.99,11999.99,1703.99,726.4505,3945.9241210346,3390.72635642022,39970.3962543919,
39999.99,11999.99,1749.994,745.8581,3945.97662842876,3389.10588604311,39920.8749837268,
39999.99,11999.99,1797.585,765.9605,3946.02926346711,3387.48064759141,39871.2628799345,
39999.99,11999.99,1842.806,784.999,3946.08405249456,3385.78801666665,39819.9326856428,
39999.99,11999.99,1889.038,804.4751,3946.13565803813,3384.19291044232,39771.1784185824,
39999.99,11999.99,1934.802,823.7332,3946.18863073766,3382.55471276549,39721.331110724,
39999.99,11999.99,1981.183,843.2544,3946.2409847495,3380.93481762849,39671.9953556973,
39999.99,11999.99,2027.222,862.6129,3946.29418088345,3379.28801928222,39621.9930210614,
39999.99,11999.99,2073.573,882.0989,3946.34692608359,3377.65433643177,39572.3663061262,
39999.99,11999.99,2120.168,901.6816,3946.40010247121,3376.00644626929,39522.4048582497,
39999.99,11999.99,2166.012,920.9215,3946.4536181893,3374.34717551421,39472.1833033011,
39999.99,11999.99,2212.13,940.2717,3946.50613273354,3372.71810163,39422.7798480784,
39999.99,11999.99,2258.203,959.5918,3946.55902690534,3371.07640399356,39373.0829757343,
39999.99,11999.99,2304.246,978.8875,3946.61187226833,3369.43537096374,39323.4378672324,
39999.99,11999.99,2350.741,998.3714,3946.66468704041,3367.79443748428,39273.8298583359,
39999.99,11999.99,2397.167,1017.815,3946.71812146948,3366.13338506432,39223.73650273,
39999.99,11999.99,2443.824,1037.348,3946.77147559249,3364.47395820121,39173.7202320892,
39999.99,11999.99,2489.059,1056.245,3946.82515170229,3362.80363749906,39123.4585106009,
39999.99,11999.99,2535.443,1075.637,3946.87692350929,3361.19173901126,39074.7412875071,
39999.99,11999.99,2581.156,1094.723,3946.93025252442,3359.530496896,39024.7830145256,
39999.99,11999.99,2627.805,1114.209,3946.98268848007,3357.89622167146,38975.5549056632,
39999.99,11999.99,2673.974,1133.474,3947.03639741607,3356.22139360384,38925.3176451054,
39999.99,11999.99,2720.749,1152.994,3947.08946879974,3354.56557275806,38875.6039626838,
39999.99,11999.99,2767.044,1172.292,3947.14337195614,3352.8829102253,38825.2369804134,
39999.99,11999.99,2812.844,1191.362,3947.19663512343,3351.21934305026,38775.3949146768,
39999.99,11999.99,2858.979,1210.568,3947.24924159065,3349.57542392385,38726.0924328079,
39999.99,11999.99,2905.342,1229.863,3947.3023123907,3347.91612471673,38676.4298697676,
39999.99,11999.99,2951.399,1249.013,3947.35570052056,3346.24602099347,38626.5258481151,
39999.99,11999.99,2998.581,1268.645,3947.40868711886,3344.58760117244,38576.9561569954,
39999.99,11999.99,3044.795,1287.842,3947.46321039692,3342.88017167003,38526.17200987,
39999.99,11999.99,3091.17,1307.098,3947.51643077894,3341.21264832133,38476.4406046142,
39999.99,11999.99,3136.727,1325.986,3947.56988071081,3339.53704154194,38426.5383781204,
39999.99,11999.99,3182.866,1345.117,3947.62223724071,3337.89484484507,38377.5249701784,
39999.99,11999.99,3228.794,1364.146,3947.67538959914,3336.22680737562,38327.8862253893,
39999.99,11999.99,3275.938,1383.694,3947.72826841008,3334.5664742181,38278.4791923092,
39999.99,11999.99,3322.142,1402.821,3947.78280773479,3332.85308174411,38227.760367199,
39999.99,11999.99,3368.381,1421.952,3947.83608237846,3331.17851570149,38178.0623250711,
39999.99,11999.99,3414.51,1441.024,3947.88941507889,3329.50122812148,38128.33074541,
39999.99,11999.99,3460.972,1460.23,3947.94261062418,3327.82735896674,38078.72157781,
39999.99,11999.99,3506.998,1479.235,3947.99626853167,3326.13803401977,38028.7563054913,
39999.99,11999.99,3555.263,1499.205,3948.04934664473,3324.4660653634,37979.2666702304,
39999.99,11999.99,3600.111,1517.677,3948.1054892021,3322.69659330791,37927.3588769158,
39999.99,11999.99,3646.315,1536.727,3948.15700217227,3321.07215292786,37879.1497643992,
39999.99,11999.99,3692.089,1555.579,3948.21035499249,3319.38880319073,37829.4795358605,
39999.99,11999.99,3738.576,1574.73,3948.2631382385,3317.72253130568,37780.2769597362,
39999.99,11999.99,3784.841,1593.773,3948.31689895244,3316.02448815593,37730.3077180863,
39999.99,11999.99,3831.506,1612.978,3948.37036990193,3314.33468057258,37680.5821868315,
39999.99,11999.99,3877.783,1632.004,3948.42439547286,3312.62641572095,37630.428559621,
39999.99,11999.99,3924.769,1651.326,3948.47790471861,3310.93355405792,37580.6985979945,
39999.99,11999.99,3969.996,1669.876,3948.53239089575,3309.20884028405,37530.2059530668,
39999.99,11999.99,4016.333,1688.895,3948.58450227252,3307.55840520829,37481.617924172,
39999.99,11999.99,4063.187,1708.127,3948.63812852509,3305.85907849066,37431.8339923446,
39999.99,11999.99,4109.462,1727.097,3948.69247037014,3304.13612911254,37381.4953126516,
39999.99,11999.99,4156.238,1746.271,3948.74603629432,3302.43684675956,37331.7855929735,
39999.99,11999.99,4202.871,1765.373,3948.80029439924,3300.71465927642,37281.5397836586,
39999.99,11999.99,4248.332,1783.959,3948.85436936694,3298.99733500574,37231.4523792186,
39999.99,11999.99,4294.524,1802.849,3948.90686568205,3297.32923754929,37182.6337980258,
39999.99,11999.99,4340.682,1821.713,3948.96036450366,3295.62836279928,37133.0298509024,
39999.99,11999.99,4387.378,1840.797,3949.01382809152,3293.92767685947,37083.4670141775,
39999.99,11999.99,4433.802,1859.753,3949.06803660375,3292.20234265635,37033.3267503761,
39999.99,11999.99,4481.15,1879.094,3949.12188684876,3290.48746060876,36983.4835385907,
39999.99,11999.99,4526.873,1897.727,3949.17701119157,3288.73102144857,36932.6469834466,
39999.99,11999.99,4572.806,1916.438,3949.22993000334,3287.04392056679,36883.5698346889,
39999.99,11999.99,4619.541,1935.483,3949.28314722822,3285.34637885154,36834.2685201812,
39999.99,11999.99,4666.274,1954.515,3949.33746849462,3283.61265965119,36784.105827462,
39999.99,11999.99,4711.854,1973.042,3949.39180029504,3281.87763219514,36733.9482491267,
39999.99,11999.99,4759.347,1992.377,3949.44457319667,3280.1914543205,36685.0395434822,
39999.99,11999.99,4804.896,2010.87,3949.49996864887,3278.4204920196,36634.0710065036,
39999.99,11999.99,4851.707,2029.89,3949.55272318326,3276.73301450511,36585.2031982034,
39999.99,11999.99,5003.831,2099.146,3949.60720863095,3274.98920145352,36534.9780813855,
40018.34,11999.99,5010.68,2101.795,3949.90544307051,3265.42667338246,36387.4004237577,
40019.19,11999.99,5014.463,2103.252,3949.91450247521,3265.1357296967,36380.9057400324,
40019.67,11999.99,5035.337,2111.456,3949.91948528964,3264.97569439622,36377.3299699522,
40022.66,11999.99,5082.781,2130.662,3949.94942221772,3264.01402141885,36357.8836035001,
40031.2,11999.99,5128.399,2149.074,3950.02763089813,3261.50028174481,36315.2252571764,
40041.02,11999.99,5175.093,2167.928,3950.10676900582,3258.95457651805,36275.7716946416,
40052.75,11999.99,5221.552,2186.663,3950.1924589028,3256.19573503789,36237.0089216879,
40066.1,11999.99,5269.49,2206.008,3950.28207559782,3253.30781482267,36200.0529717737,
40081.64,11999.99,5313.713,2223.76,3950.37953767239,3250.16398803967,36163.6278472121,
40097.48,11999.99,5361.048,2242.807,3950.47266792536,3247.15687867439,36131.4972810441,
40116.16,11999.99,5406.764,2261.149,3950.57752610512,3243.7675475162,36098.7649500651,
40135.82,11999.99,5453.416,2279.862,3950.68264759697,3240.36593499899,36068.7156125829,
40157.55,11999.99,5500.209,2298.612,3950.79443608839,3236.74443081686,36039.6700797044,
40181.04,11999.99,5546.182,2316.992,3950.9109013185,3232.96684828124,36012.1692981079,
40205.73,11999.99,5592.783,2335.611,3951.02929308219,3229.12198086589,35986.7257494532,
40232.43,11999.99,5640.374,2354.619,3951.15365559758,3225.07798105251,35962.5501679015,
40261.43,11999.99,5685.875,2372.724,3951.28523587185,3220.7934219671,35939.5474175085,
40290.75,12000.01,5732.721,2391.364,3951.41440708785,3216.58143040566,35919.1054430086,
40322.62,12000.01,5780.076,2410.187,3951.55194562197,3212.09017227239,35899.6847939063,
40356.54,12000.01,5825.932,2428.354,3951.69525589189,3207.40336002886,35881.6972455523,
40389.36,12000.01,5872.796,2446.912,3951.83337294979,3202.87951889772,35864.2899769102,
40422.91,12000.01,5919.044,2465.183,3951.97437236777,3198.25428659272,35846.5034902962,
40456,12000.01,5966.492,2483.923,3952.11302890073,3193.69899835069,35828.9579508345,
40489.95,12000.01,6012.682,2502.111,3952.25517066515,3189.022066057,35810.9633564385,
40522.99,12000.01,6058.7,2520.198,3952.39292590487,3184.48253407961,35793.4547371577,
40555.89,12000.01,6105.214,2538.462,3952.52978199728,3179.96584753174,35776.0171361047,
40589.15,12000.01,6151.93,2556.78,3952.66786459647,3175.4017992635,35758.3981413215,
40622.55,12000.01,6198.536,2575.022,3952.80623562258,3170.82125224035,35740.7076210219,
40655.86,12000.01,6246.045,2593.606,3952.94390219906,3166.25707541807,35723.0669440517,
40689.81,12000.01,6292.597,2611.766,3953.08404793772,3161.6035536522,35705.0888585426,
40723.07,12000.01,6339.001,2629.836,3953.22081547489,3157.05521808633,35687.4799104785,
40756.21,12000.01,6385.312,2647.839,3953.35676762087,3152.52712960195,35669.9342394875,
40789.28,12000.01,6432.071,2665.997,3953.49208023407,3148.0135115923,35652.4314192476,
40822.66,12000.01,6478.958,2684.176,3953.62846325333,3143.45726316546,35634.7652779564,
40856.13,12000.01,6526.377,2702.543,3953.76486597927,3138.89337245656,35617.0579272613,
40889.98,12000.01,6572.748,2720.454,3953.90258292703,3134.2783925167,35599.1526580557,
40923.06,12000.01,6619.122,2738.337,3954.03667938507,3129.77783601237,35581.6519807042,
40956.14,12000,6665.749,2756.293,3954.17046573405,3125.28087196223,35564.1572348773,
40989.39,12000,6713.189,2774.55,3954.30466075271,3120.76330287195,35546.5738010193,
41023.23,12000,6760.545,2792.742,3954.44100013083,3116.16647018483,35528.6875617981,
41056.99,12000,6806.341,2810.275,3954.57672722769,3111.58316649315,35510.8418812548,
41089.63,12000,6852.968,2828.115,3954.70734569537,3107.16564134369,35493.5915488149,
41122.86,12000,6899.912,2846.053,3954.84016457719,3102.66689758232,35476.0324852193,
41156.3,12000,6946.622,2863.869,3954.97359276872,3098.14058123637,35458.3592780864,
41189.58,12000,6993.306,2881.645,3955.10595891882,3093.64339514467,35440.7810833117,
41222.83,12000,7039.757,2899.299,3955.23790413185,3089.15364328282,35423.2207551814,
41255.9,12000,7087.096,2917.278,3955.36881373539,3084.69232515293,35405.7523028752,
41289.61,12000,7134.32,2935.182,3955.50204913872,3080.14475442815,35387.9565966557,
41323.22,12000,7180.919,2952.809,3955.63458972664,3075.61387095866,35370.2115566628,
41356.38,12000,7228.22,2970.685,3955.76491475619,3071.15186100478,35352.7059604039,
41390.04,12000,7274.255,2988.03,3955.89698076672,3066.62326927328,35334.9437043217,
41422.78,12000,7321.079,3005.66,3956.02494927139,3062.22845547537,35317.6640324829,
41456.08,12000,7367.864,3023.245,3956.15493186783,3057.75766398571,35300.0927684338,
41489.35,12000,7415.451,3041.118,3956.28444918136,3053.29602201277,35282.5428501388,
41523.18,12000,7461.84,3058.49,3956.41600377941,3048.75716421978,35264.6988376245,
41556.16,12000,7509.273,3076.245,3956.54369244937,3044.34487723065,35247.3091720003,
41589.86,12000,7555.547,3093.515,3956.67409526399,3039.83184802388,35229.533920724,
41622.74,12000,7601.811,3110.753,3956.80076738139,3035.441173384,35212.2012137711,
41655.61,11999.99,7650.813,3129.037,3956.9271010452,3031.05556699515,35194.8789463819,
41690.42,11999.99,7696.438,3145.969,3957.06110088845,3026.39652878214,35176.532505882,
41722.81,11999.99,7743.648,3163.491,3957.18492588717,3022.08454523297,35159.4607283796,
41756.33,11999.99,7791.074,3181.069,3957.31298252011,3017.61838866871,35141.8011686389,
41790,11999.99,7837.721,3198.315,3957.44133285197,3013.13500605926,35124.0663062901,
41823.1,11999.99,7884.519,3215.591,3957.56711492279,3008.73452236527,35106.63056905,
41856.31,11999.99,7931.11,3232.76,3957.69298655403,3004.32412460643,35089.1446105341,
41889.36,11999.98,7979.771,3250.703,3957.81794903676,2999.93884294903,35071.741464619,
41923.88,11999.98,8025.845,3267.614,3957.94852564872,2995.34933949304,35053.5674146617,
41956.55,11999.98,8072.218,3284.614,3958.0713647587,2991.02504064991,35036.370739442,
41989.43,11999.98,8119.035,3301.757,3958.19470952446,2986.67632476595,35019.0657132962,
42022.62,11999.98,8166.011,3318.934,3958.31900785026,2982.28725308022,35001.6014849534,
42055.91,11999.98,8212.707,3335.975,3958.44343690426,2977.88676224831,34984.0830608122,
42089,11999.98,8260.05,3353.235,3958.56673252888,2973.51961206614,34966.6765554952,
42122.55,11999.97,8308.245,3370.794,3958.69154676305,2969.09180482259,34949.0336057022,
42156.69,11999.97,8354.475,3387.573,3958.81839815561,2964.58461744827,34931.0769796651,
42189.43,11999.97,8401.712,3404.708,3958.93941103861,2960.2781678855,34913.8624962273,
42222.88,11999.97,8449.196,3421.91,3959.06292091828,2955.87607039967,34896.2763926251,
42256.5,11999.97,8495.147,3438.5,3959.1867868034,2951.45436660058,34878.603443199,
42289.02,11999.97,8543.125,3455.833,3959.30607600138,2947.18946162923,34861.5093916155,
42322.98,11999.97,8590.835,3473.035,3959.43066288516,2942.72822956403,34843.6643681559,
42356.74,11999.97,8638.468,3490.179,3959.55417771369,2938.29837448684,34825.9261611114,
42390.44,11999.97,8684.693,3506.764,3959.67715013083,2933.8810063398,34808.2221285506,
42423.14,11999.97,8731.376,3523.494,3959.79592937095,2929.60763452349,34791.0490461723,
42456.15,11999.97,8778.789,3540.472,3959.91565531527,2925.29358093219,34773.7115437099,
42489.67,12001.66,8825.474,3557.151,3960.02188552047,2921.46022586378,34756.5154512647,
42522.68,12004.95,8872.682,3574.006,3960.11141973575,2918.22525381983,34739.9874100806,
42556.05,12009.95,8920.979,3591.253,3960.18682990665,2915.49768165332,34723.6836219913,
42590.19,12016.82,8966.813,3607.563,3960.24829021418,2913.27269469269,34707.4286365256,
42622.57,12024.9,9014.044,3624.385,3960.29197374038,2911.69018016234,34692.3882994417,
42655.95,12034.9,9061.113,3641.14,3960.32212396977,2910.59740800354,34677.2938185568,
42689.21,12046.53,9108.68,3658.077,3960.33721923454,2910.05013012608,34662.6542638418,
42722.82,12059.97,9155.958,3674.906,3960.33726961491,2910.04830340824,34648.2693100135,
42756.23,12075.01,9203.173,3691.716,3960.32219848089,2910.5947068724,34634.3780622913,
42789.6,12091.7,9249.794,3708.31,3960.29211927871,2911.68490626806,34620.9114703654,
42822.54,12109.8,9297.548,3725.338,3960.24768701567,2913.29454034379,34608.0095780731,
42856.29,12130.06,9343.972,3741.882,3960.18697513935,2915.49242603356,34595.2082876443,
42889.1,12151.36,9393.251,3759.516,3960.11317937255,2918.16163851164,34583.1598581928,
42923.94,12175.81,9438.938,3775.822,3960.01885791363,2921.56955110836,34570.8114664648,
42956.23,12200.03,9486.026,3792.677,3959.91673315989,2925.25471295585,34559.7506926798,
42989.53,12226.67,9534.126,3809.941,3959.79657559509,2929.58436716935,34548.759613284,
43023.54,12255.62,9580.037,3826.412,3959.65818140996,2934.56284816751,34537.9607668887,
43056.02,12284.84,9627.361,3843.449,3959.51133258787,2939.83580623017,34528.0472758819,
43089.5,12316.65,9674.713,3860.535,3959.34469598099,2945.80730735815,34518.2492742346,
43123.01,12350.16,9721.246,3877.352,3959.16251765896,2952.32126182097,34508.8702835201,
43155.95,12383.09,9768.335,3894.421,3958.98321531564,2958.71769691712,34499.6631956995,
43189.29,12416.44,9816.314,3911.872,3958.80166927064,2965.1794270271,34490.3590841172,
43223.27,12450.42,9862.889,3928.827,3958.61664595405,2971.74975520694,34480.8884175662,
43256.27,12483.41,9909.57,3945.864,3958.4366713434,2978.12620491417,34471.7065735295,
43289.35,12516.49,9956.404,3963,3958.2561328612,2984.50826545594,34462.5175577913,
43322.54,12549.69,10004.04,3980.487,3958.07486578362,2990.90169800795,34453.3089589136,
43356.32,12583.47,10051.08,3997.784,3957.89044074374,2997.39181774906,34443.9541629292,
43389.68,12616.83,10098.2,4015.155,3957.70807869428,3003.79485646921,34434.7287962883,
43423.12,12650.26,10144.89,4032.399,3957.5252507037,3010.19989196921,34425.4971314876,
43456.25,12683.39,10192.38,4049.992,3957.34386000895,3016.54045238043,34416.3615953835,
43489.95,12717.09,10239.13,4067.342,3957.1593691796,3022.97504134835,34407.0813045005,
43523.14,12750.29,10285.44,4084.562,3956.97743892424,3029.30625375748,34397.9550727964,
43556.04,12783.18,10332.51,4102.115,3956.79698757008,3035.57228486942,34388.9260198705,
43589.47,12816.62,10380.06,4119.898,3956.61358245893,3041.92697365243,34379.7611187298,
43623.26,12850.39,10426.04,4137.108,3956.42835991121,3048.33049126443,34370.5102001599,
43655.94,12883.07,10473.73,4155.03,3956.24872142547,3054.52746497244,34361.5789856241,
43689.85,12916.98,10520.57,4172.657,3956.06252206878,3060.93683381904,34352.3282636081,
43723.16,12950.29,10568.01,4190.565,3955.87936529759,3067.22771704871,34343.2535307388,
43756.92,12984.04,10614.28,4208.044,3955.69378316767,3073.58807801613,34334.0725088536,
43789.84,13016.96,10661.05,4225.767,3955.51250318243,3079.78763929213,34325.1317882672,
43823.13,13050.25,10707.68,4243.473,3955.32914268227,3086.04500765263,34316.1010439649,
43856.33,13083.45,10754.16,4261.156,3955.14619664587,3092.27493812619,34307.1109834975,
43889.42,13116.54,10801.64,4279.283,3954.96370813422,3098.47613909376,34298.160651219,
43923.25,13150.37,10848.48,4297.193,3954.77726421856,3104.79826903587,34289.0265427514,
43956.63,13183.75,10894.87,4314.964,3954.59311764796,3111.0292043107,34280.0281066011,
43989.69,13216.81,10941.62,4332.917,3954.41051067567,3117.19507652492,34271.126178372,
44023.02,13250.14,10988.95,4351.146,3954.22643584494,3123.39752040102,34262.1669825519,
44056.78,13283.9,11034.86,4368.839,3954.04003685367,3129.66506473204,34253.1077431337,
44089.52,13316.64,11081.96,4387.056,3953.8588570008,3135.74445198971,34244.3303444992,
44123.14,13350.25,11128.56,4405.109,3953.67305084442,3141.96617947554,34235.337324493,
44156.4,13383.52,11174.98,4423.131,3953.48900174758,3148.11627652055,34226.4502194549,
44189.54,13416.66,11221.45,4441.207,3953.30548842373,3154.23586590529,34217.6059283364,
44222.72,13449.84,11268.96,4459.756,3953.12170758011,3160.35183595552,34208.7656143672,
44256.67,13483.79,11315.13,4477.788,3952.93382661137,3166.59135567626,34199.7326621355,
44289.65,13515.14,11361.49,4495.939,3952.76704253533,3172.11938497549,34190.5413741793,
44322.79,13544.99,11411.18,4515.5,3952.61575073985,3177.12513427733,34180.8819419764,
44358.33,13575.11,11454.94,4532.639,3952.47290320695,3181.84385169762,34170.0286143581,
44389.61,13600.15,11501.49,4550.953,3952.36066999673,3185.54609585039,34160.0954389354,
44422.9,13625.14,11548.58,4569.514,3952.2582569532,3188.92043655702,34149.0868512098,
44456.58,13648.72,11594.94,4587.792,3952.17167489496,3191.77023013528,34137.4980987929,
44489.75,13670.3,11641.15,4606.017,3952.10274244647,3194.03717558137,34125.6529626504,
44522.8,13690.16,11687.82,4624.451,3952.05037524388,3195.75821174872,34113.415291957,
44556.2,13708.55,11735.17,4643.171,3952.01425131136,3196.94484545031,34100.606117724,
44588.37,13725.49,11780.94,4661.239,3951.99020117818,3197.73460912006,34085.4921124905,
44617.84,13740.25,11827.1,4679.475,3951.97827632405,3198.12612365837,34068.9084960712,
44645.93,13753.5,11874.69,4698.302,3951.97813676414,3198.13070536264,34050.1635811584,
44673.16,13765.42,11920.63,4716.443,3951.9908548905,3197.71314509601,34028.7004119798,
44697.82,13775.31,11967.22,4734.849,3952.01448873596,3196.93704781912,34005.9858675479,
44721.16,13783.67,12014.16,4753.389,3952.05063262585,3195.74975534588,33980.899751504,
44742.98,13790.41,12060.25,4771.571,3952.09932604115,3194.14948486692,33953.5474940807,
44762.77,13795.38,12107.67,4790.288,3952.15873224042,3192.19599827735,33924.6839199073,
44781.41,13798.78,12154.14,4808.599,3952.23257299597,3189.76608859874,33892.86610595,
44798.02,13800.45,12200.44,4826.816,3952.31667108681,3186.99625011987,33859.6469684089,
44812.91,13800.47,12247.54,4845.35,3952.41222969763,3183.8458578172,33824.5434529923,
44826.36,13800.47,12293.47,4863.375,3952.5050428939,3180.78281869657,33787.1801488298,
44837.86,13800.47,12340.73,4881.936,3952.59075241406,3177.95144469666,33749.2028474564,
44847.97,13800.46,12386.89,4900.02,3952.67449151801,3175.18258505163,33708.4648290018,
44856.21,13800.46,12433.83,4918.415,3952.75150557694,3172.63383655122,33667.1223291853,
44862.91,13800.46,12480.69,4936.755,3952.8253101347,3170.18927311469,33623.437792059,
44867.91,13800.46,12528.8,4955.598,3952.894301058,3167.90234485216,33578.2247397519,
44871.27,13800.46,12573.76,4973.133,3952.96052749825,3165.7054122283,33530.0881210847,
44872.86,13800.46,12619.96,4991.162,3953.01755091958,3163.81248036275,33483.6286044911,
44872.86,13800.46,12666.54,5009.335,3953.07189791825,3162.00727996945,33434.3147268113,
44872.86,13800.46,12713.39,5027.609,3953.12678378965,3160.18307466795,33384.5965885766,
44872.86,13800.46,12760.37,5045.926,3953.18206722016,3158.34453085027,33334.5848579919,
44872.86,13800.46,12807.39,5064.243,3953.2375456389,3156.49836523875,33284.4368840786,
44872.86,13800.46,12854.28,5082.497,3953.2930795802,3154.64920914728,33234.2606790128,
44872.86,13800.46,12900.4,5100.426,3953.34845690826,3152.80412734032,33184.2202654457,
44872.86,13800.46,12947.55,5118.762,3953.40278657783,3150.99284300391,33135.0064027031,
44872.86,13800.46,12993.92,5136.768,3953.45854950187,3149.13263168158,33084.6975030425,
44872.86,13800.46,13040.82,5154.975,3953.51324710712,3147.30683072703,33035.2271654427,
44872.86,13800.46,13086.75,5172.779,3953.56868262268,3145.45525665265,32985.2005201947,
44872.86,13800.46,13133.39,5190.861,3953.622802897,3143.64650155044,32936.2071454116,
44872.86,13800.46,13179.9,5208.875,3953.67792143499,3141.80325351361,32886.4547643276,
44872.86,13800.46,13226.66,5226.981,3953.73285918397,3139.9649146926,32836.8568526871,
44872.86,13800.46,13274.75,5245.618,3953.78816832185,3138.11300004333,32786.9866709683,
44872.86,13800.46,13320.45,5263.265,3953.84534840762,3136.19722699672,32735.6933576321,
44872.86,13800.46,13367.54,5281.469,3953.8992028882,3134.39174555191,32686.978920237,
44872.86,13800.46,13414.59,5299.643,3953.95501366389,3132.51952013495,32636.7666667699,
44872.86,13800.46,13460.36,5317.287,3954.01077661591,3130.64771894642,32586.606193577,
44872.86,13800.46,13507.17,5335.341,3954.06478091103,3128.83382445015,32537.819087906,
44872.86,13800.46,13553.48,5353.18,3954.12024182926,3126.96984935973,32487.9208848415,
44872.86,13800.46,13600.83,5371.428,3954.17502374133,3125.12754327738,32438.5612298866,
44872.86,13800.46,13648.09,5389.631,3954.23126154378,3123.23508321017,32388.0957951732,
44872.86,13800.46,13694.01,5407.276,3954.28740296311,3121.34465917896,32337.7194807725,
44872.86,13800.46,13740.85,5425.281,3954.34168407795,3119.51572723207,32288.7912406211,
44872.86,13800.46,13787.25,5443.097,3954.39725574154,3117.64213947696,32238.882573875,
44872.86,13800.46,13833.77,5460.947,3954.45223207146,3115.78745397883,32189.4471177887,
44872.86,13800.46,13880.95,5479.053,3954.50738210231,3113.92573787356,32139.8927487251,
44872.86,13800.46,13928.56,5497.322,3954.56346869031,3112.0312014572,32089.6339956203,
44872.86,13800.46,13974.9,5515.066,3954.62018201904,3110.11425699877,32038.9108991433,
44872.86,13800.46,14021.26,5532.803,3954.67513329618,3108.2556817839,31989.5545622898,
44872.86,13800.46,14068.05,5550.706,3954.73011636877,3106.39485764282,31940.1886681497,
44872.86,13800.46,14114.89,5568.612,3954.78573018896,3104.5114904382,31890.3531050018,
44872.86,13802.13,14161.67,5586.491,3954.82406678013,3103.21251653349,31840.9146478596,
44872.86,13805.47,14209.65,5604.845,3954.8450533438,3102.50117763613,31791.9581994005,
44872.86,13810.64,14256.18,5622.613,3954.84858557559,3102.38143584902,31742.2017370274,
44872.86,13817.31,14302.76,5640.408,3954.83453533721,3102.85770661864,31694.3883824712,
44872.86,13825.63,14349.29,5658.185,3954.80319967546,3103.91963598093,31646.9397361635,
44872.86,13835.6,14395.46,5675.834,3954.75460825134,3105.56558613868,31599.9796272778,
44872.86,13847.11,14442.45,5693.821,3954.68921568513,3107.77919520393,31553.7866156771,
44872.86,13860.51,14489.43,5711.825,3954.60505499257,3110.62568136821,31507.2201433787,
44872.86,13875.59,14536.94,5730.068,3954.50302386572,3114.07290288598,31461.0898824919,
44872.86,13892.57,14583.23,5747.843,3954.38154016561,3118.17210746005,31414.8756269755,
44872.86,13910.75,14629.56,5765.664,3954.24539906107,3122.75915085863,31370.283306048,
44872.86,13930.58,14676.35,5783.704,3954.09142307943,3127.93855932505,31326.0720641183,
44872.86,13952.28,14723.65,5801.985,3953.91782565032,3133.76715855297,31281.8596462077,
44872.86,13975.94,14771.83,5820.676,3953.72369594395,3140.27161594576,31237.6152142741,
44872.86,14001.82,14817.21,5838.265,3953.50642908428,3147.53447670023,31192.9935662329,
44872.86,14027.77,14863.37,5856.223,3953.28378625532,3154.95873583722,31151.407939567,
44872.86,14055.81,14910.48,5874.619,3953.03905931903,3163.0981833475,31109.5280962053,
44872.86,14086.14,14956.63,5892.683,3952.77022131032,3172.01412018868,31067.2437038689,
44872.86,14117.49,15003.11,5910.942,3952.4879162011,3181.34827170235,31026.2544231056,
44872.86,14150.73,15050.05,5929.456,3952.18459319467,3191.34520328297,30985.4165837091,
44872.86,14184.31,15096.32,5947.758,3951.87714639225,3201.44436643575,30944.184883775,
44872.86,14217.43,15143.93,5966.684,3951.57276254473,3211.40982594134,30903.5542484219,
44872.86,14251.52,15189.31,5984.741,3951.25860526959,3221.66106307834,30861.7502992016,
44872.86,14284.02,15236.14,6003.475,3950.95758954885,3231.4511891082,30821.9288271963,
44872.86,14317.59,15282.2,6021.943,3950.64595273135,3241.55376895174,30780.8283513642,
44872.86,14350.61,15329.78,6041.122,3950.33822571364,3251.49697811477,30740.4291031636,
44872.86,14384.74,15375.57,6059.61,3950.0193143734,3261.76768442155,30698.6957091028,
44872.86,14417.61,15422.25,6078.544,3949.71083108329,3271.67003245759,30658.5462954418,
44872.86,14451.13,15468.21,6097.23,3949.39529777908,3281.76591047357,30617.6175064525,
44872.86,14484.14,15514.55,6116.15,3949.08338714699,3291.71359524028,30577.3450990043,
44872.86,14517.45,15561.07,6135.209,3948.76763426601,3301.75142737198,30536.7328680272,
44872.86,14550.91,15607.63,6154.351,3948.44951342722,3311.83187830628,30495.981858477,
44872.86,14584.4,15653.79,6173.39,3948.1299754346,3321.92453525589,30455.2041302265,
44872.86,14617.63,15700.64,6192.789,3947.81177698607,3331.94261083746,30414.7815879532,
44872.86,14651.36,15746.37,6211.769,3947.4878016502,3342.109778146,30373.7732678022,
44872.86,14684.31,15793.12,6231.262,3947.17008621389,3352.04865425146,30333.7529103532,
44872.86,14718.01,15838.97,6250.428,3946.84422034361,3362.21003716903,30292.8431445037,
44872.86,14751.08,15884.87,6269.679,3946.52321803199,3372.18791138696,30252.7312916409,
44872.86,14784.2,15931.07,6289.126,3946.20069765726,3382.18142124781,30212.58865124,
44872.86,14817.56,15977.73,6308.844,3945.87492412033,3392.24391134158,30172.1938718041,
44872.86,14851.26,16023.69,6328.32,3945.5447650632,3402.40952181093,30131.4049320385,
44872.86,14884.47,16069.92,6347.982,3945.21813463492,3412.43473414859,30091.2338675087,
44872.86,14917.89,16115.68,6367.5,3944.88842741508,3422.52263689871,30050.8373535797,
44872.86,14951,16161.93,6387.303,3944.56071572644,3432.51815580289,30010.8606335106,
44872.86,14984.47,16207.94,6407.065,3944.22841448381,3442.62204874227,29970.4678464303,
44872.86,15017.78,16253.46,6426.675,3943.89649622143,3452.68279805653,29930.2885643288,
44872.86,15050.76,16300.05,6446.832,3943.56677251156,3462.64613071475,29890.5472119032,
44872.86,15084.53,16345.82,6466.684,3943.22833930335,3472.8408928606,29849.8825381303,
44872.86,15117.72,16393.13,6487.313,3942.89441993016,3482.86843569367,29809.9422787995,
44872.86,15152.06,16438.02,6506.896,3942.5482745919,3493.23064643179,29768.6535971233,
44872.86,15184.65,16483.29,6526.717,3942.21810407269,3503.08409470183,29729.501717646,
44872.86,15217.52,16529.08,6546.846,3941.8840401305,3513.02364881262,29690.0274655692,
44872.86,15250.8,16575.65,6567.401,3941.54499394855,3523.08075976234,29650.1008410107,
44872.86,15284.66,16620.78,6587.359,3941.19912532969,3533.30866868666,29609.5049811555,
44872.86,15317.49,16667.86,6608.29,3940.86230096057,3543.23873547569,29570.1710818985,
44872.86,15351.76,16712.15,6627.988,3940.51017466155,3553.58814017578,29529.1435042946,
44872.86,15384.01,16758.5,6648.714,3940.17698242772,3563.3513855887,29490.5642874271,
44872.86,15417.79,16803.73,6668.979,3939.82756991656,3573.55919707044,29450.1891439487,
44872.86,15450.75,16849.55,6689.593,3939.48512936791,3583.5330656752,29410.8087837167,
44872.86,15484.18,16895.45,6710.31,3939.13704704938,3593.64081261513,29370.9130275366,
44872.86,15515.99,16940.67,6730.77,3938.80882602745,3603.14393589354,29330.4542281387,
44872.86,15545.71,16987.36,6751.986,3938.50536063168,3611.90640837689,29290.105375168,
44872.86,15574.68,17032.38,6772.46,3938.21393767278,3620.29971226014,29247.9255667366,
44872.86,15600.99,17077.92,6793.236,3937.95283401348,3627.80206092961,29206.7725218781,
44871.2,15625.95,17123.38,6814.02,3937.70284102742,3634.96956490528,29163.0462261827,
44867.88,15649.22,17169.21,6835.032,3937.46742446926,3641.70528135837,29117.3202033388,
44862.84,15671.01,17214.3,6855.723,3937.24447789239,3648.07187397467,29069.085605195,
44856.26,15690.81,17260.05,6876.779,3937.03898534084,3653.92946829892,29019.5943207715,
44847.89,15709.23,17305.7,6897.817,3936.84514702445,3659.44560811154,28967.2367080508,
44837.86,15725.94,17350.8,6918.628,3936.66630421347,3664.52708630638,28912.898852624,
44826.31,15740.81,17396.17,6939.597,3936.50367941018,3669.14118270623,28857.1370914265,
44813.03,15754.12,17442.43,6961.027,3936.35468297618,3673.36312708435,28798.9543119045,
44797.76,15765.96,17487.45,6981.884,3936.2182496806,3677.22450440168,28737.4529076317,
44781.26,15775.86,17532.96,7003,3936.09954404874,3680.58059733713,28675.5329831723,
44762.91,15784.2,17577.86,7023.834,3935.99458659768,3683.54525178656,28610.8283273593,
44743.18,15790.8,17624.41,7045.499,3935.90541579211,3686.06197379727,28544.961828816,
44720.97,15795.9,17669.38,7066.398,3935.82923870056,3688.21050032311,28474.4292910619,
44697.89,15799.19,17715.16,7087.71,3935.7699443091,3689.88192771577,28404.2590835083,
44672.68,15800.84,17760.77,7108.946,3935.7252378117,3691.14160295986,28330.6667977423,
44645.89,15800.84,17805.8,7129.904,3935.69566567962,3691.97458927136,28255.2475048724,
44617.81,15800.84,17851.33,7151.115,3935.65893837565,3693.00884010373,28179.228723931,
44587.73,15800.84,17898.98,7173.376,3935.61438966738,3694.26292483795,28100.7581968066,
44554.41,15800.84,17941.73,7193.243,3935.5601289502,3695.78979129232,28016.8667751073,
44523.05,15800.84,17987.34,7214.519,3935.50318334214,3697.39147794088,27940.2483057398,
44489.59,15800.84,18032.89,7235.778,3935.4430880243,3699.08094422535,27858.4686119879,
44456.16,15800.84,18077.61,7256.645,3935.38281105487,3700.77468181497,27776.780119693,
44423.33,15800.84,18123.63,7278.159,3935.3231264444,3702.45095123776,27696.571014987,
44389.54,15800.84,18169.45,7299.583,3935.2619000177,3704.16967316278,27614.0233403064,
44355.9,15800.84,18214.33,7320.561,3935.20063388876,3705.88864899641,27531.8351959166,
44322.95,15800.84,18259.91,7341.897,3935.14007734107,3707.58687093429,27451.3259279229,
44289.47,15800.84,18305.63,7363.308,3935.07856660053,3709.3109932036,27369.5417992413,
44255.9,15800.84,18350.6,7384.36,3935.01666991482,3711.04506106282,27287.5159023047,
44222.88,15800.84,18396.04,7405.664,3934.95530660857,3712.76332347074,27206.8386897376,
44189.49,15800.84,18441.24,7426.854,3934.89318559853,3714.50192912908,27125.2799800324,
44156.29,15800.84,18486.66,7448.166,3934.83107793909,3716.23928372666,27044.170172236,
44122.92,15800.84,18532.5,7469.696,3934.768496724,3717.98899909705,26962.6578165995,
44089.24,15800.84,18577.19,7490.671,3934.70521954505,3719.75726989217,26880.3810683796,
44056.4,15800.84,18623.36,7512.393,3934.64289765893,3721.49795879285,26800.1695113631,
44022.46,15800.84,18668.82,7533.77,3934.57876155075,3723.28840292051,26717.2761990656,
43989.05,15800.84,18714.47,7555.258,3934.51511064675,3725.06438349743,26635.668057319,
43955.49,15800.84,18758.8,7576.102,3934.45098734367,3726.85262107338,26553.6972752147,
43922.91,15800.84,18805.59,7598.179,3934.38803755967,3728.60723149767,26474.1175407793,
43888.5,15800.84,18849.69,7618.932,3934.32218763049,3730.44172460443,26390.0765430916,
43856.09,15800.84,18895.47,7640.53,3934.25896910412,3732.20199419833,26310.9034549652,
43822.42,15800.84,18940.05,7661.547,3934.19365107248,3734.01978162846,26228.6789450911,
43789.64,15800.84,18986.08,7683.296,3934.12937116178,3735.80774579993,26148.6169220386,
43757.5,15800.84,19030.98,7704.494,3934.07167210741,3737.41187478365,26067.5573218885,
43727.79,15800.84,19075.87,7725.693,3934.02282628981,3738.76928812536,25990.0539404936,
43699.72,15800.84,19121.36,7747.2,3933.98189555339,3739.90633348366,25914.1281639383,
43672.95,15800.84,19166.69,7768.632,3933.94879916128,3740.82546977778,25838.7591850746,
43647.94,15800.84,19212.06,7790.094,3933.92395236785,3741.51534208423,25765.2523295256,
43624.57,15800.84,19257.83,7811.751,3933.90735633408,3741.97605515149,25693.246132464,
43602.71,15800.84,19302.49,7832.862,3933.89921104748,3742.20214940919,25622.2366112411,
43582.99,15800.84,19347.5,7854.145,3933.8989636744,3742.20901568098,25554.4828465072,
43564.77,15800.84,19393.07,7875.707,3933.90711316376,3741.98280520927,25487.7675486371,
43548,15800.84,19438.53,7897.213,3933.92410115261,3741.51121147798,25421.8094765667,
43532.95,15802.52,19484.07,7918.754,3933.92367282914,3741.52310270708,25358.1280272417,
43519.55,15805.89,19529.35,7940.171,3933.90580468366,3742.01912650494,25296.472443618,
43507.91,15810.9,19574.24,7961.4,3933.87059636787,3742.99630956201,25237.2659477118,
43498,15817.5,19619.49,7982.818,3933.81841564036,3744.44404372052,25180.6344699298,
43489.66,15825.82,19664.96,8004.36,3933.74846742335,3746.38378181056,25125.6434506666,
43482.97,15835.86,19713.14,8027.277,3933.66049819686,3748.82172201385,25072.4990545233,
43477.76,15848.4,19756.26,8047.686,3933.54829109412,3751.92889572031,25018.5366121179,
43474.61,15861.12,19801.02,8068.929,3933.42999625325,3755.20163878806,24972.1803326128,
43472.97,15875.96,19846.39,8090.51,3933.29039534528,3759.05987336594,24926.1144628368,
43472.97,15892.68,19891.3,8111.884,3933.13100331898,3763.45985883763,24881.5025854937,
43472.97,15910.88,19936.43,8133.404,3932.9468052649,3768.53769137074,24837.8687671832,
43472.97,15930.82,19981.78,8155.079,3932.73500088807,3774.36742247035,24794.530686135,
43472.97,15952.56,20027.12,8176.788,3932.49497582921,3780.96215078096,24751.5000707576,
43472.97,15975.96,20073.48,8199.066,3932.22762435144,3788.29305390328,24709.0146434616,
43472.97,16001.67,20117.55,8220.241,3931.92563100653,3796.55542647726,24666.1109198795,
43472.97,16027.69,20162.38,8241.861,3931.61138735279,3805.1323392299,24625.8456883276,
43472.97,16055.83,20207.49,8263.683,3931.26436113025,3814.57974537919,24585.398035811,
43472.97,16085.82,20252.68,8285.62,3930.88710805045,3824.82136201276,24545.2366592934,
43472.97,16117.56,20298.14,8307.769,3930.48049400441,3835.82687622049,24505.5343503945,
43472.97,16151.19,20343.64,8330.019,3930.04254549687,3847.64231216561,24466.1403002848,
43472.97,16184.87,20387.63,8351.57,3929.60244154285,3859.47636469699,24426.7197291043,
43472.97,16217.44,20433.13,8373.981,3929.17477310935,3870.93841208291,24388.6257914056,
43471.27,16251.17,20478.38,8396.352,3928.7215046189,3883.04646163787,24347.606777891,
43467.88,16283.05,20522.98,8418.456,3928.28714489684,3894.61102573871,24304.6669537426,
43462.9,16312.84,20567.31,8440.495,3927.87507138122,3905.54781997183,24260.2731567416,
43456.31,16340.84,20613.97,8463.83,3927.48151892769,3915.96203020574,24214.0812573233,
43447.57,16368.54,20657.28,8485.476,3927.08626101217,3926.39111477101,24163.1512039412,
43437.9,16392.7,20702.16,8508.01,3926.73374755345,3935.66698079674,24113.9121790435,
43426.2,16416.08,20746.66,8530.402,3926.38604596314,3944.7929560816,24060.7453406727,
43412.95,16437.62,20791.4,8552.989,3926.05797580822,3953.38262531919,24005.9382092724,
43397.95,16457.64,20835.87,8575.479,3925.74525115914,3961.55161143459,23948.6838787197,
43381.4,16475.89,20881.54,8598.672,3925.45144929255,3969.20959313309,23889.6907111932,
43362.64,16492.91,20926.26,8621.401,3925.16827451778,3976.57535244834,23826.8464261917,
43342.6,16507.91,20970.52,8643.934,3924.90813857078,3983.3287417146,23763.189354864,
43321.12,16521.12,21014.95,8666.601,3924.66776166812,3989.55807283749,23698.0881282865,
43297.9,16532.75,21059.36,8689.297,3924.44409049112,3995.34495205232,23630.6136013502,
43273.03,16542.72,21103.67,8711.972,3924.23822879455,4000.66297992017,23561.0536779587,
43246.57,16551.03,21149.5,8735.507,3924.05055621483,4005.50440641207,23489.5485628563,
43217.43,16557.87,21194.2,8758.458,3923.87630766285,4009.99381205765,23413.3008844721,
43187.33,16562.86,21238.01,8780.958,3923.72422912126,4013.9075359043,23336.8054386148,
43156.21,16566.15,21283.02,8804.13,3923.59258475486,4017.292022815,23259.7657387301,
43122.56,16571.23,21327.38,8826.979,3923.41611320705,4021.82410063665,23179.5849358996,
43089.38,16577.89,21371.99,8850.002,3923.21123617552,4027.07868092723,23101.1095651663,
43056.01,16586.26,21416.17,8872.83,3922.97398602071,4033.15419365231,23022.7329792959,
43022.95,16596.19,21461.35,8896.257,3922.70774532558,4039.96019383302,22945.6594057877,
42989.11,16608.07,21506.13,8919.514,3922.40286590765,4047.73854557037,22867.3659354081,
42955.57,16621.53,21550.52,8942.619,3922.06776889522,4056.26899705859,22790.3407684908,
42923.96,16636.55,21594.62,8965.628,3921.71365774088,4065.26218035388,22716.0853332638,
42894.18,16653.12,21638.79,8988.743,3921.34009800264,4074.72571779529,22644.3976724837,
42865.98,16671.37,21683.04,9011.967,3920.9440487614,4084.73274400686,22574.6810036522,
42839.38,16691.31,21728.07,9035.697,3920.52516324397,4095.28759803471,22506.9513561477,
42810.56,16713.35,21771.99,9058.896,3920.05245012655,4107.16302958852,22436.9746086179,
42780.8,16736.49,21816.03,9082.251,3919.54553382784,4119.8559561537,22367.7385155097,
42749.29,16761.36,21861.32,9106.405,3918.99077388034,4133.69780415703,22297.3110775973,
42715.17,16785.21,21904.64,9129.543,3918.43818717296,4147.43495397872,22222.6721635947,
42682.53,16806.45,21948.43,9153.036,3917.93580621572,4159.88070699627,22150.745676121,
42649.49,16826.29,21993.03,9177.071,3917.45617019281,4171.72486128359,22077.426358891,
42615.81,16844.82,22037.42,9201.064,3916.99775908088,4183.01037551654,22002.1274356778,
42582.27,16861.59,22081.21,9224.792,3916.5713586424,4193.47779007742,21926.5780250746,
42549.17,16876.5,22127.51,9250.026,3916.1799568583,4203.06075360887,21851.4489775892,
42514.13,16890.43,22168.87,9272.492,3915.8011749065,4212.31184544832,21771.3130869401,
42482.83,16901.41,22213.12,9296.672,3915.4876081137,4219.95324207603,21699.2533441173,
42449.32,16911.48,22257.29,9320.855,3915.18527108703,4227.30654107513,21621.4910113452,
42415.85,16919.86,22301.58,9345.152,3914.91545236182,4233.85703775421,21543.2632445651,
42382.27,16926.57,22345.36,9369.195,3914.67755695992,4239.62324627801,21464.2099879682,
42349.08,16931.56,22391.03,9394.374,3914.47432793575,4244.5423419012,21385.4682735295,
42314.42,16934.96,22433.74,9417.865,3914.29894991735,4248.78225343191,21302.6296415829,
42282.02,16936.56,22477.08,9441.741,3914.16476192719,4252.0232054977,21224.6291149117,
42249.13,16936.57,22521.18,9466.079,3914.06165705583,4254.51157363014,21144.8883097763,
42215.65,16936.57,22565.66,9490.65,3913.9568042576,4257.0404774071,21063.7197117913,
42181.88,16936.57,22609.17,9514.684,3913.85073848715,4259.5969471461,20981.8511234964,
42148.84,16936.57,22652.95,9538.885,3913.7458626781,4262.12306813655,20901.7467551965,
42117.25,16936.57,22696.26,9562.829,3913.6531846772,4264.35400549995,20822.7030691506,
42087.63,16936.57,22740.41,9587.279,3913.57373739616,4266.26542668582,20746.0168232387,
42059.1,16936.57,22784.72,9611.833,3913.50642998815,4267.88403373189,20669.3933174186,
42032.16,16936.57,22828.29,9635.963,3913.45241001277,4269.18261372583,20594.0771422473,
42007.33,16936.57,22872.48,9660.466,3913.41191519087,4270.1557775427,20521.5615819155,
41983.82,16938.26,22916.11,9684.649,3913.348677229,4271.67500943622,20450.1734635792,
41962.26,16941.58,22959.61,9708.773,3913.26378026994,4273.71363836602,20381.8290560014,
41942.4,16946.53,23003.55,9733.171,3913.15689643412,4276.2787081515,20315.7940403898,
41924.02,16953.21,23047.18,9757.407,3913.02638626314,4279.40847084141,20251.2410275443,
41907.4,16961.48,23091.6,9782.135,3912.87400596511,4283.0594969975,20189.2719851758,
41892.2,16971.63,23135.5,9806.59,3912.6957108707,4287.32707018322,20128.3698616834,
41878.84,16983.33,23179.62,9831.202,3912.49595506615,4292.10273359633,20070.3291171324,
41867.1,16996.78,23222.47,9855.112,3912.27176934025,4297.45545459947,20014.1844672494,
41857.29,17011.44,23267.15,9880.141,3912.03077997563,4303.20115683131,19961.704262988,
41848.79,17028.48,23310.52,9904.437,3911.75608800535,4309.74004803144,19909.2001934578,
41842.18,17046.66,23353.79,9928.728,3911.46544415559,4316.64670910966,19860.3656014612,
41837.21,17066.44,23398.42,9953.88,3911.15205369214,4324.08019774671,19813.7333566034,
41833.82,17088.59,23441.26,9978.023,3910.80465204544,4332.30388115777,19767.8594700808,
41832.18,17111.46,23484.88,10002.69,3910.44708046555,4340.75024988356,19725.9139768446,
41832.15,17136.43,23528.64,10027.51,3910.05927340902,4349.89024186974,19685.3410406375,
41832.15,17163.17,23572.4,10052.4,3909.63126000875,4359.95312678201,19645.2555738183,
41832.15,17191.61,23615.51,10076.98,3909.16369885589,4370.91638344913,19605.7816434591,
41832.15,17221.27,23660.12,10102.55,3908.66387485787,4382.60241032867,19567.4972888457,
41832.15,17253.75,23702.83,10127.06,3908.10537864875,4395.61932411934,19528.503866729,
41832.15,17286.47,23746.41,10152.2,3907.53061435615,4408.9707325165,19491.7846292677,
41832.15,17319.9,23789.98,10177.42,3906.94189253278,4422.59981924121,19454.3056267691,
41832.15,17353.35,23833.23,10202.55,3906.35098760231,4436.23251303846,19416.8520065067,
41832.15,17386.59,23876.41,10227.73,3905.76165833934,4449.78245364301,19379.6720906354,
41832.15,17419.8,23920.24,10253.42,3905.17081784102,4463.32104835518,19342.5587578344,
41832.15,17453.55,23963.06,10278.58,3904.56891994167,4477.06599230634,19304.884866361,
41832.15,17486.55,24006.35,10304.13,3903.97789362067,4490.51691318053,19268.0933811751,
41832.15,17519.95,24049.41,10329.63,3903.37806205985,4504.12228865317,19230.8923513191,
41832.15,17553.2,24093.16,10355.67,3902.77890980899,4517.66647077851,19193.8999023086,
41832.15,17587.02,24135.97,10381.21,3902.16799104209,4531.42995192548,19156.3110049584,
41832.15,17620.14,24179.05,10407.02,3901.56724678964,4544.9186507178,19119.547812547,
41832.15,17653.5,24222.95,10433.46,3900.96033083648,4558.50046122736,19082.5500593642,
41832.15,17687.54,24264.84,10458.71,3900.33980671605,4572.33998027674,19044.8417373385,
41832.15,17720.04,24307.76,10484.72,3899.74405310824,4585.58289688252,19008.8800286279,
41832.15,17753.38,24350.95,10511,3899.13171762652,4599.14973844837,18972.0238973089,
41832.15,17786.97,24393.36,10536.89,3898.51329560238,4612.80587532799,18934.9473371209,
41832.15,17819.97,24436.76,10563.51,3897.90299219384,4626.23824519298,18898.5414655354,
41832.15,17853.79,24479.63,10589.88,3897.27666297758,4639.97778563691,18861.2797749297,
41832.15,17887.22,24521.62,10615.79,3896.65507736705,4653.5680537176,18824.4870171355,
41832.15,17920,24563.96,10642.03,3896.04317653036,4666.90296468879,18788.4539736955,
41832.15,17951.44,24606.9,10668.74,3895.46517682916,4679.45967907258,18751.477114123,
41832.15,17981.66,24649.04,10695.02,3894.91972932481,4691.2743913793,18713.3177870417,
41832.15,18009.72,24691.73,10721.74,3894.42314353417,4702.00154336272,18675.2278591049,
41833.83,18036.49,24734.92,10748.87,3893.97950042721,4711.56167042895,18637.5221584533,
41837.25,18061.88,24777.08,10775.37,3893.59209355847,4719.89202889978,18600.2634834414,
41842.23,18085.03,24819.8,10802.3,3893.27213494028,4726.75952106967,18564.7683578715,
41848.97,18106.81,24862.24,10829.08,3893.00933732392,4732.39168242053,18529.665709146,
41857.33,18126.8,24904.53,10855.8,3892.80869196325,4736.68671500634,18495.6674162516,
41867.32,18145.07,24946.42,10882.27,3892.66920851612,4739.66991052055,18462.6596783852,
41878.84,18161.54,24990.91,10910.49,3892.59066235052,4741.34887622684,18430.8107331666,
41892.93,18177.21,25032.01,10936.44,3892.5773847269,4741.63262582137,18397.9193327582,
41907.49,18190.11,25074.13,10963.08,3892.61996835828,4740.72252371402,18368.3820467387,
41924.06,18201.68,25116.77,10990.04,3892.725404247,4738.46828317011,18338.9626423351,
41942.52,18211.72,25158.51,11016.38,3892.89476056046,4734.84486381912,18310.0692498116,
41962.19,18219.93,25201.39,11043.43,3893.11914876601,4730.03917692973,18282.6380375067,
41984.09,18226.66,25243.64,11070.03,3893.4133109071,4723.73075840959,18255.3587168645,
42007.32,18231.64,25286.47,11096.94,3893.76298714685,4716.21938069401,18229.3594672954,
42032.54,18234.99,25328.69,11123.4,3894.17948724365,4707.25484711449,18203.9163985672,
42059.02,18236.64,25371.56,11150.2,3894.64899094063,4697.12626645431,18179.7219225262,
42087.59,18236.64,25413.6,11176.37,3895.18653412558,4685.49945128652,18156.0828503855,
42117.2,18236.64,25456.84,11203.24,3895.72820617362,4673.75024218427,18134.4295819778,
42149.34,18236.64,25499.28,11229.5,3896.30270175391,4661.25249479366,18113.7636109785,
42182.5,18236.64,25541.75,11255.68,3896.88063262175,4648.64172417114,18095.0156844957,
42215.63,18236.64,25585.28,11282.46,3897.4558716032,4636.05124397077,18076.2873889955,
42249.57,18236.64,25627.71,11308.43,3898.04335575556,4623.15283015704,18057.1186656041,
42282.63,18236.64,25670.4,11334.47,3898.6120136634,4610.62901460133,18038.4634878427,
42315.84,18236.64,25713.01,11360.37,3899.18127337231,4598.05346115056,18019.7298551959,
42348.96,18236.64,25756.65,11386.85,3899.74632807142,4585.53240884402,18001.0601521809,
42382.88,18236.64,25798.98,11412.39,3900.32321016661,4572.70948625567,17981.9610732715,
42415.72,18236.64,25843.16,11439.01,3900.87840890309,4560.33026527177,17963.4718002658,
42449.98,18236.64,25885.86,11464.6,3901.4565449678,4547.39937617691,17944.1975706237,
42483.05,18236.64,25928.4,11490,3902.01085246392,4534.96257996304,17925.6065231156,
42515.97,18236.64,25971.61,11515.73,3902.56010921588,4522.60125890784,17907.1117790288,
42549.38,18236.64,26016.34,11542.33,3903.11572158426,4510.05825350837,17888.351179968,
42583.95,18236.64,26057.63,11566.68,3903.68928168977,4497.06895812926,17868.9526136362,
42615.81,18236.64,26101.3,11592.43,3904.21275510673,4485.17720143775,17851.0884580417,
42649.48,18236.64,26144.83,11618,3904.76567750052,4472.57803004604,17832.2150530178,
42683.03,18236.64,26187.66,11643.04,3905.31383973954,4460.04803735731,17813.4288866229,
42715.99,18236.64,26230.81,11668.19,3905.84955599082,4447.76442223161,17794.9799573526,
42749.18,18236.64,26274.13,11693.35,3906.38681240988,4435.40733430205,17776.4140877272,
42782.46,18236.64,26318.01,11718.78,3906.92335068419,4423.02830819708,17757.8075637103,
42816.16,18236.64,26361.5,11743.86,3907.46456113146,4410.50222258443,17738.9808055816,
42849.52,18236.64,26405.04,11768.9,3907.99754430079,4398.12768796735,17720.3537921243,
42882.89,18236.63,26448.45,11793.76,3908.52839088888,4385.76409652156,17701.731698329,
42916.14,18236.63,26491.57,11818.36,3909.05471705134,4373.46737033293,17683.1922926527,
42949.13,18236.63,26535.06,11843.1,3909.57440234269,4361.28794760338,17664.8078697539,
42982.38,18236.63,26578.9,11867.96,3910.09616177178,4349.0217603817,17646.2871046268,
43015.87,18236.63,26622.35,11892.5,3910.61953102934,4336.67899309164,17627.6459780471,
43049.04,18236.63,26667.1,11917.73,3911.13518777291,4324.47984822439,17609.1966149251,
43083.17,18236.63,26714.89,11944.67,3911.66449799593,4311.91785407724,17590.2201092704,
43119.62,18236.63,26754.04,11966.42,3912.22945422393,4298.46495360484,17569.9686162249,
43149.39,18236.63,26797.96,11990.88,3912.68300916081,4287.63091182438,17553.4355285565,
43182.8,18236.63,26841.46,12015.01,3913.19347362412,4275.40109600434,17534.8909652506,
43214.22,18234.99,26885.54,12039.4,3913.72114923453,4262.7180944488,17514.437831294,
43244.36,18231.65,26929.82,12063.81,3914.27956987784,4249.25049530543,17491.5719929304,
43272.92,18226.59,26973.55,12087.79,3914.86412129066,4235.10195565542,17466.4465417414,
43299.44,18219.97,27017.45,12111.77,3915.46310177208,4220.54980061351,17439.5619865875,
43324.38,18211.66,27061.83,12135.92,3916.08742065542,4205.32286238134,17410.4744849311,
43347.88,18201.57,27105.51,12159.55,3916.74190204439,4189.29469530428,17378.9393856372,
43369.34,18190.03,27149.8,12183.41,3917.40742415165,4172.92652615947,17345.8685079861,
43389.42,18176.66,27193.88,12207.04,3918.10567852295,4155.67695901991,17310.2319707483,
43407.71,18161.71,27238.09,12230.62,3918.82268144735,4137.8818425631,17272.7067269703,
43424.37,18145.06,27282.37,12254.1,3919.56436893979,4119.38510293323,17233.0035373823,
43439.38,18126.75,27326.63,12277.44,3920.3297291849,4100.20184268552,17191.1866474204,
43452.7,18106.8,27370.5,12300.42,3921.11692598527,4080.36794330961,17147.3445493783,
43464.25,18085.44,27415.36,12323.81,3921.91835783717,4060.06617647312,17101.9161489858,
43474.37,18061.9,27460.38,12347.14,3922.76181423428,4038.57902798764,17053.3694208835,
43482.79,18036.63,27505.36,12370.29,3923.63084203317,4016.30877571609,17002.5917286872,
43489.51,18009.7,27549.6,12392.88,3924.52160128058,3993.34060972042,16949.8102031075,
43494.46,17981.63,27594.87,12415.86,3925.4187780302,3970.06017796427,16895.9361067331,
43497.82,17951.22,27639.36,12438.25,3926.36018686422,3945.47074986369,16838.763826642,
43499.47,17919.76,27684.04,12460.58,3927.30612908341,3920.59350976135,16780.6420250443,
43499.47,17886.54,27728.41,12482.57,3928.27815154095,3894.85007390572,16720.3049879218,
43499.47,17853.62,27774.2,12505.12,3929.23811618798,3869.24306508933,16660.570662138,
43499.47,17819.67,27818.31,12526.62,3930.22540183154,3842.71381448636,16599.052577356,
43499.47,17787.04,27865.53,12549.54,3931.17027338688,3817.13681490016,16539.9728576542,
43499.47,17752.14,27908.47,12570.1,3932.17910927399,3789.62171478693,16476.8657854473,
43499.47,17720.47,27954.05,12591.82,3933.08858401231,3764.62989864549,16419.6667066606,
43499.47,17686.89,28000.46,12613.77,3934.05100455986,3737.98628586507,16359.0918456173,
43499.47,17652.75,28045.55,12634.89,3935.02639792415,3710.77258372494,16297.5688064204,
43499.47,17619.63,28131.04,12676.49,3935.96809736458,3684.2930670144,16237.9593361008,
43499.47,17556.54,28137.25,12679.2,3937.79822777206,3632.23654325746,16124.6232047984,
43499.47,17552.03,28180.85,12699.05,3937.92223110407,3628.68028925016,16116.5227420505,
43499.47,17520.16,28226.99,12719.94,3938.81621452851,3602.93030963532,16059.3684664086,
43499.47,17486.46,28272.54,12740.38,3939.75903701961,3575.55766485277,15999.0146051034,
43499.47,17453.25,28317.47,12760.34,3940.68412278392,3548.47964438084,15939.5865613344,
43499.47,17420.54,28364.76,12781.22,3941.5907663921,3521.72480911502,15881.136663384,
43499.47,17386.15,28411.04,12801.44,3942.54116617422,3493.44309972013,15819.7556682119,
43499.47,17352.55,28455.47,12820.64,3943.46478610007,3465.72168199597,15759.8619152291,
43499.47,17320.35,28502.95,12841.04,3944.34506408493,3439.07882987682,15702.5205383345,
43499.47,17285.96,28548.42,12860.35,3945.28207867089,3410.47458351573,15641.3863856516,
43499.47,17253.09,28593.82,12879.45,3946.17249295085,3383.05386846353,15583.0062317259,
43499.47,17220.32,28641.59,12899.42,3947.05595271065,3355.61137187638,15524.8711435604,
43499.47,17185.87,28687.06,12918.18,3947.98121232926,3326.61214411575,15463.8350058526,
43499.47,17153.14,28732.82,12936.9,3948.8545180311,3298.99261238978,15405.9204730038,
43499.47,17120.24,28779.07,12955.64,3949.72805355704,3271.11802686973,15347.7750026381,
43499.47,17087.03,28826.71,12974.79,3950.60535678354,3242.86734616202,15289.1581230035,
43499.47,17052.86,28872.2,12992.84,3951.50362639879,3213.66877141281,15228.9353575407,
43499.47,17020.29,28919.43,13011.44,3952.35413662168,3185.76147261925,15171.5976052661,
43499.47,16986.51,28966.67,13029.85,3953.23212777894,3156.67870661379,15112.2063910718,
43501.18,16952.77,29013.04,13047.72,3954.11426933855,3127.17063394748,15054.6045882844,
43504.49,16921.33,29058.93,13065.21,3954.94659817616,3099.05688754167,15000.2335499862,
43509.37,16891.87,29106.26,13083.1,3955.73798089449,3072.07456999813,14948.5339470505,
43516.1,16863.21,29152.98,13100.58,3956.52158071045,3045.10943081127,14897.40543782,
43524.39,16836.61,29200.47,13118.2,3957.26224286821,3019.38883661283,14849.079953804,
43534.51,16811.31,29247.63,13135.52,3957.98225617151,2994.16257892468,14802.1500634947,
43546.22,16787.89,29294.05,13152.41,3958.66463801245,2970.04698335307,14757.6990112754,
43559.37,16766.49,29340.91,13169.32,3959.30502536333,2947.22705297689,14716.0017874802,
43574.27,16746.55,29388.58,13186.39,3959.92029093945,2925.12641261462,14676.0028164723,
43591.12,16727.99,29435.89,13203.19,3960.5146612782,2903.60888033976,14637.4493057198,
43609.5,16711.26,29482.67,13219.66,3961.07315354674,2883.23691884498,14601.2923644426,
43629.3,16696.37,29530.46,13236.39,3961.59491428482,2864.06774705356,14567.5881833186,
43651.21,16682.87,29577.75,13252.81,3962.09742529112,2845.47808191814,14535.2621372885,
43674.55,16671.19,29624.87,13269.06,3962.56422094441,2828.09519141072,14505.3459696218,
43699.43,16661.21,29671.88,13285.17,3962.99972644978,2811.77624931401,14477.5711460558,
43725.89,16652.9,29719.74,13301.49,3963.40509425709,2796.49723160626,14451.8750811915,
43754.51,16646.15,29768.83,13318.15,3963.78833912095,2781.97150743572,14427.7980967097,
43785.63,16641.01,29814.32,13333.45,3964.15080252123,2768.16026019908,14405.282512564,
43815.98,16637.79,29902.6,13364.36,3964.45891567454,2756.36321104122,14386.2844229196,
43878.18,16637.32,29930.95,13373.6,3964.97780308422,2736.37618921658,14353.711202375,
43898.04,16637.32,29956.59,13381.92,3965.12647943133,2730.62122676554,14343.3443778622,
43916,16637.32,30003.83,13397.56,3965.25999388506,2725.44236290983,14333.9711958152,
43949.13,16637.32,30051.4,13413.27,3965.51261954837,2715.61517520471,14316.6860962902,
43982.49,16637.32,30099.48,13429.08,3965.76552053824,2705.74005192287,14299.2915908332,
44016.19,16637.32,30147.19,13444.71,3966.01967737415,2695.77795464961,14281.7245693299,
44049.62,16637.32,30195.34,13460.42,3966.27012443919,2685.92365480171,14264.3006296344,
44083.34,16637.32,30242.13,13475.61,3966.52137227173,2675.99991434252,14246.7310483462,
44116.1,16637.32,30289.63,13490.97,3966.76351216505,2666.39956884937,14229.6681851566,
44149.34,16637.32,30337.78,13506.5,3967.00797379077,2656.67058034059,14212.3610042126,
44183.03,16637.32,30385.57,13521.84,3967.25449620904,2646.82193477223,14194.8202970099,
44216.45,16637.32,30433.62,13537.21,3967.49739630235,2637.08061967857,14177.4273794918,
44250.04,16637.32,30480.79,13552.23,3967.74013853763,2627.30815131182,14159.9509441049,
44283,16637.32,30528.41,13567.33,3967.97658080116,2617.75288529724,14142.8069648539,
44316.27,16637.31,30576.1,13582.4,3968.21392177887,2608.12474622579,14125.5085347492,
44349.57,16637.31,30623.49,13597.31,3968.45008516196,2598.5076244717,14108.1953836052,
44382.66,16637.31,30671.63,13612.4,3968.68316131198,2588.97987581016,14091.0023735195,
44416.25,16637.31,30718.98,13627.18,3968.91863504755,2579.31704229189,14073.5485627882,
44449.28,16637.31,30767.58,13642.3,3969.14845502456,2569.84987995453,14056.3957338584,
44483.18,16637.31,30815.13,13657.03,3969.38327533058,2560.13924397926,14038.7942775019,
44516.32,16637.31,30862.38,13671.59,3969.61109901187,2550.68131843209,14021.5891698365,
44549.25,16637.31,30910.73,13686.46,3969.83598100856,2541.30974246264,14004.4991320439,
44582.93,16637.31,30958.46,13701.06,3970.06492879975,2531.73181228935,13987.0236160583,
44616.18,16637.31,31005.98,13715.54,3970.28931734779,2522.30806482697,13969.7792234713,
44649.26,16637.31,31054.79,13730.37,3970.51114246751,2512.95600751546,13952.6280654129,
44683.23,16637.31,31102.1,13744.67,3970.737880098,2503.35946442946,13935.0197462185,
44716.14,16637.31,31149.86,13759.04,3970.95579004314,2494.10053780503,13917.9624001774,
44749.36,16637.31,31198.13,13773.53,3971.1744780952,2484.77266237196,13900.7511008462,
44782.92,16637.31,31246.08,13787.85,3971.39418281895,2475.36481021359,13883.3686849073,
44816.25,16637.31,31293.79,13802.04,3971.61088570076,2466.04914119531,13866.1121265368,
44849.4,16637.31,31343.25,13816.72,3971.82506251634,2456.80618124116,13848.9492196881,
44883.76,16637.31,31389.89,13830.47,3972.04614015363,2447.22756678155,13831.1666687404,
44916.15,16637.31,31438.23,13844.68,3972.25240795651,2438.25555404434,13814.4109943998,
44949.7,16637.31,31486.19,13858.72,3972.46530433787,2428.95931475059,13797.052257746,
44982.98,16637.31,31534.64,13872.85,3972.67499797807,2419.76686752621,13779.8400074271,
45016.59,16639.01,31581.85,13886.55,3972.85341255463,2411.91713321585,13762.8038314056,
45047.72,16642.27,31630.17,13900.56,3972.9891421285,2405.92771044873,13744.9582184539,
45077.91,16647.29,31678.5,13914.54,3973.08924384008,2401.50058204627,13725.3796091227,
45106.4,16653.99,31726.01,13928.26,3973.15048607097,2398.78790738046,13704.4904091259,
45132.78,16662.21,31773.99,13942.11,3973.17309099248,2397.78584066045,13682.6853744126,
45157.76,16672.16,31822.65,13956.17,3973.15799012627,2398.45530364635,13659.3694719827,
45181.39,16683.97,31870.03,13969.86,3973.10365522746,2400.86252595159,13634.3925498328,
45202.78,16697.08,31918.49,13983.91,3973.0131501019,2404.86669328306,13608.8160690725,
45222.97,16712.19,31967.25,13998.07,3972.8815775081,2410.67554379685,13581.3330434242,
45241.57,16729.11,32015.2,14012.04,3972.70914854395,2418.26637524342,13552.3494621663,
45258.21,16747.41,32063.39,14026.14,3972.49999009179,2427.4412586735,13522.5510816939,
45273.25,16767.48,32110.81,14040.08,3972.24956755114,2438.37933448973,13491.3128027963,
45286.45,16788.88,32158.55,14054.18,3971.96314333448,2450.82809908553,13459.3148911339,
45298.08,16812.06,32206.14,14068.33,3971.63384656815,2465.05996212327,13425.8373749971,
45308.04,16836.84,32254.82,14082.92,3971.26370640483,2480.95631610451,13391.2037607269,
45316.52,16863.9,32304.3,14097.87,3970.84065870018,2498.99685555786,13354.4730022748,
45323.37,16893.21,32350.23,14111.83,3970.3631955097,2519.19738290433,13315.782377537,
45328.19,16921.97,32398.8,14126.75,3969.87664454224,2539.61133374348,13278.7161955417,
45331.58,16954.12,32446.14,14141.42,3969.31427809416,2562.99647607002,13238.2344322048,
45333.25,16987.12,32493.77,14156.34,3968.71784842936,2587.55881543115,13197.5650775338,
45333.28,17020.36,32542.25,14171.7,3968.10289092934,2612.63348538566,13155.060005327,
45333.28,17054.21,32589.39,14186.77,3967.46978240043,2638.1899357631,13111.8071059945,
45333.28,17087.17,32637.07,14202.18,3966.84656512552,2663.09840308118,13069.7811627886,
45333.28,17120.53,32685.31,14217.94,3966.20917327553,2688.32535020376,13027.3071389548,
45333.28,17154.33,32731.7,14233.22,3965.55684024634,2713.89117077233,12984.3539010453,
45333.28,17186.85,32779.36,14249.09,3964.92208964075,2738.52949969155,12943.0967911291,
45333.28,17220.29,32827.56,14265.33,3964.26305903818,2763.86825710603,12900.7387161027,
45333.28,17254.16,32875.17,14281.51,3963.5890713594,2789.53399222128,12857.9226508311,
45333.28,17287.64,32922.29,14297.68,3962.91573383717,2814.9312493978,12815.6692569924,
45333.28,17320.8,32969.07,14313.88,3962.24174745726,2840.11557671973,12773.8793317145,
45333.28,17353.76,33016.1,14330.33,3961.56531863398,2865.15866280572,12732.4287606336,
45333.28,17386.94,33063.28,14347,3960.87779883417,2890.37991001166,12690.7742250713,
45333.28,17420.25,33110.39,14363.8,3960.18076879883,2915.71700961429,12649.0222869,
45333.28,17453.54,33158.45,14381.13,3959.47729529169,2941.05658191387,12607.3633857574,
45333.28,17487.55,33205.33,14398.17,3958.75213718709,2966.93984821297,12564.8865088122,
45333.28,17520.76,33252.97,14415.67,3958.03677444881,2992.24338543914,12523.4868222182,
45333.28,17554.54,33299.44,14432.87,3957.30238071465,3017.9884054506,12481.4417015746,
45333.28,17587.53,33347.24,14450.76,3956.57806898665,3043.15584462227,12440.4638600371,
45333.28,17621.5,33392.71,14467.9,3955.82572626797,3069.06748607331,12398.3357871865,
45333.28,17653.84,33439.91,14485.88,3955.10174854825,3093.78655004422,12358.2932712385,
45333.28,17687.46,33487.14,14504.04,3954.34328270739,3119.46184633475,12316.7521456197,
45333.28,17721.13,33532.43,14521.58,3953.57654042432,3145.192709005,12275.2131461902,
45333.28,17753.46,33579.66,14540.08,3952.83300512127,3169.93428416653,12235.409975516,
45333.28,17787.22,33626.21,14558.46,3952.05055107997,3195.75243457585,12193.9133995437,
45333.28,17820.53,33674.88,14577.9,3951.27130442532,3221.24734776992,12153.0475917591,
45333.28,17855.4,33719.73,14595.9,3950.44932562696,3247.91086187717,12110.3454036168,
45333.28,17887.56,33766.3,14614.79,3949.68242926014,3272.58013692488,12071.0251158114,
45333.28,17921.01,33812.09,14633.51,3948.87918642577,3298.20887179315,12030.2165945808,
45333.28,17953.92,33858.22,14652.54,3948.08144379747,3323.45456647807,11990.1267862397,
45333.28,17987.13,33904.7,14671.9,3947.2699646606,3348.92760532628,11949.7524323549,
45333.28,18020.63,33950.73,14691.22,3946.44453382667,3374.62890008543,11909.0946047442,
45333.28,18053.85,33996.88,14710.76,3945.61892576387,3400.12893099573,11868.8566849585,
45333.28,18087.2,34043.77,14730.81,3944.7833555552,3425.73081717409,11828.5416953565,
45333.28,18121.13,34089.67,14750.59,3943.92641726147,3451.77714748974,11787.5916533209,
45333.28,18154.38,34134.71,14770.14,3943.07900972373,3477.32905534764,11747.5340753189,
45333.28,18187.04,34181.69,14790.74,3942.23934258705,3502.45115516652,11708.2584038229,
45333.28,18221.17,34226.5,14810.52,3941.35626218329,3528.66580669606,11667.3010695258,
45333.28,18253.76,34272.3,14830.93,3940.50483380896,3553.74486539318,11628.2646927466,
45333.28,18287.12,34318.62,14851.75,3939.62696930777,3579.40547642528,11588.3764195331,
45333.28,18320.9,34363.41,14872.01,3938.73132610812,3605.38389829125,11548.0627340127,
45333.28,18353.6,34409.52,14893.08,3937.85639991201,3630.56870852989,11509.106663906,
45333.28,18387.32,34454.71,14913.88,3936.94813643105,3656.51590993724,11469.0129867281,
45333.28,18420.41,34500.27,14935.03,3936.049392714,3681.99750541642,11429.7469301135,
45333.28,18453.82,34545.79,14956.33,3935.13526282773,3707.72185108128,11390.1754034168,
45333.28,18487.25,34590.83,14977.57,3934.21343688529,3733.46924742793,11350.6520435239,
45333.28,18520.37,34675.34,15019.66,3933.29300966937,3758.98765904776,11311.573080918,
45333.28,18583,34681.88,15022.66,3931.59301101719,3805.63325186983,11237.8410930512,
45333.28,18587.8,34725.84,15043.87,3931.45296009538,3809.44849575519,11232.2138339304,
45333.28,18620.26,34771.9,15066.32,3930.52963793309,3834.49855457754,11194.1226856021,
45331.54,18652.59,34816.25,15088.06,3929.59667361116,3859.63119839929,11152.0137720366,
45328.24,18682.14,34861.48,15110.41,3928.7276028063,3882.88383453835,11109.423236171,
45323.19,18710.63,34906.53,15132.83,3927.87502897066,3905.54894387114,11063.8595981019,
45316.46,18737.37,34950.96,15155.06,3927.0584035221,3927.12501153127,11016.3284198641,
45308.19,18762.13,34995.19,15177.34,3926.28525510488,3947.43407261011,10967.3718121721,
45298.32,18785.19,35040.08,15200.09,3925.54819136149,3966.68978025255,10916.5494627776,
45286.61,18806.94,35085.43,15223.22,3924.8352683965,3985.21828433461,10862.8079871486,
45273.04,18827.22,35129.62,15245.85,3924.1513304879,4002.90550813615,10806.3080785727,
45258.18,18845.37,35175.15,15269.32,3923.51834800675,4019.19922486863,10749.1486839542,
45241.1,18862.34,35218.74,15291.84,3922.90487105068,4034.92221029899,10687.991332705,
45223.15,18877.01,35263.21,15314.94,3922.35052696498,4049.0722174301,10627.3966746949,
45203.15,18890.33,35307.97,15338.29,3921.82276221029,4062.49363391162,10563.4158525804,
45181.31,18902.05,35352.09,15361.38,3921.32990055932,4074.98371589492,10496.81763215,
45158.13,18911.98,35396.7,15384.81,3920.88104800809,4086.32211448491,10429.0515846595,
45132.99,18920.33,35440.98,15408.14,3920.4668873305,4096.75363933675,10358.3502168646,
45106.36,18926.97,35485.31,15431.56,3920.09459730418,4106.10574510408,10285.992825203,
45078.02,18931.96,35529.45,15454.93,3919.76212454774,4114.4378969553,10211.4045041449,
45048.13,18935.27,35573.88,15478.51,3919.47133285774,4121.71030859205,10134.9950611793,
45016.35,18936.93,35618.21,15502.09,3919.22066601314,4127.96794161856,10055.887055649,
44982.97,18936.93,35662.26,15525.54,3919.01245205599,4133.1578672545,9974.81729092981,
44949.8,18936.93,35706.5,15549.13,3918.80295417785,4138.3725748948,9894.23642828796,
44916.47,18936.93,35750.78,15572.79,3918.59046133963,4143.65446033785,9813.292404587,
44883.1,18936.93,35795.46,15596.71,3918.37545398265,4148.99132174586,9732.25070185615,
44849.41,18936.93,35840.77,15621.02,3918.15653991975,4154.41740584055,9650.45230709145,
44815.24,18936.93,35883.61,15643.97,3917.93277169626,4159.95575827717,9567.46545742103,
44782.93,18936.93,35927.79,15667.73,3917.71592012248,4165.31518781702,9489.01895136182,
44749.58,18936.93,35972.66,15691.91,3917.49133186098,4170.85783535997,9408.06178393094,
44715.7,18936.93,36016.34,15715.45,3917.26144838067,4176.52277572654,9325.81532797579,
44682.72,18936.93,36060.88,15739.53,3917.03361763107,4182.12879197067,9245.7586622072,
44649.07,18936.93,36104.18,15762.94,3916.79962044234,4187.87793306709,9164.08079571414,
44616.34,18936.93,36148.56,15787,3916.56786561008,4193.56341922811,9084.66071340324,
44582.79,18936.93,36192.4,15810.79,3916.32893662734,4199.41602042477,9003.24127097352,
44549.64,18936.93,36236.34,15834.69,3916.08933211413,4205.2761490842,8922.79218201622,
44516.39,18936.93,36280.9,15858.98,3915.84636624024,4211.20930349401,8842.12874417488,
44482.66,18936.93,36325.15,15883.14,3915.59775780652,4217.27071472762,8760.28665649089,
44449.15,18936.93,36368.65,15906.91,3915.34735898631,4223.3660731837,8678.99156784301,
44416.2,18936.93,36413.14,15931.29,3915.097157421,4229.44694380729,8599.07937658289,
44382.48,18936.93,36456.53,15955.08,3914.83932200071,4235.70326098264,8517.29095661759,
44349.59,18936.93,36500.54,15979.28,3914.58317647874,4241.9084806185,8437.52734917613,
44316.22,18936.93,36544.59,16003.54,3914.3209091187,4248.25162738255,8356.58727041289,
44282.79,18936.93,36589.15,16028.15,3914.05496799975,4254.67295400575,8275.53062768364,
44248.96,18936.93,36632.85,16052.3,3913.7831716916,4261.22460379714,8193.51117134191,
44215.78,18936.93,36676.18,16076.28,3913.51177326551,4267.75556353777,8113.07100452437,
44182.86,18936.93,36720.37,16100.81,3913.23851525645,4274.32011883592,8033.28171321136,
44150.96,18936.93,36764.09,16125.1,3912.99293033617,4280.21036901343,7953.45030020612,
44121.05,18936.93,36807.19,16149.07,3912.78127924169,4285.27954015235,7875.9986937177,
44093.17,18938.54,36852.46,16174.37,3912.51315528535,4291.69175083428,7801.70715841981,
44065.64,18942.01,36895.16,16198.2,3912.16911062706,4299.90409834006,7725.91853656339,
44041.26,18946.88,36938.85,16222.69,3911.78060561017,4309.15686702387,7656.50505804265,
44017.96,18953.52,36982.5,16247.23,3911.3203306521,4320.09050374631,7587.57050533831,
43996.31,18961.82,37026.06,16271.8,3910.7948042781,4332.53674477764,7520.81158100052,
43976.36,18971.77,37069.59,16296.45,3910.20359417431,4346.49132633891,7456.29689955343,
43958.05,18983.38,37113.77,16321.61,3909.54487278223,4361.98102013264,7393.9524155436,
43941.16,18996.88,37157.2,16346.45,3908.80571941741,4379.28956985767,7332.83361456675,
43926.2,19011.84,37200.5,16371.33,3908.00713416841,4397.90468001291,7274.8627661527,
43912.92,19028.41,37243.68,16396.28,3907.13932917361,4418.03432485425,7219.18616620999,
43901.3,19046.61,37287.23,16421.62,3906.201218064,4439.68041006359,7165.77197421871,
43891.25,19066.68,37330.34,16446.86,3905.18024697997,4463.10534806071,7114.03141725546,
43882.93,19088.23,37374.3,16472.81,3904.09373158079,4487.88415847969,7064.93647749702,
43876.16,19111.97,37417.84,16498.69,3902.90780184017,4514.75663445877,7017.08151829713,
43871.14,19137.22,37460.53,16524.24,3901.65305821315,4542.99465019132,6971.87466296656,
43867.85,19163.68,37503.36,16550.1,3900.3435039289,4572.25766086989,6929.67127482648,
43866.2,19191.93,37545.88,16575.98,3898.95060947219,4603.15373271676,6889.47752389787,
43866.19,19221.67,37588.49,16602.16,3897.48827127256,4635.34095227268,6851.72039840345,
43866.19,19253.21,37631.15,16628.62,3895.89365571927,4670.15487656302,6814.51120967591,
43866.19,19286.53,37673.74,16655.32,3894.16452387118,4707.57724574613,6777.92507023268,
43866.19,19319.92,37718.91,16684.03,3892.41729614982,4745.05228581012,6741.40556735162,
43866.19,19355.46,37758.71,16709.43,3890.54798686452,4784.77755421105,6702.65600690622,
43866.19,19386.82,37800.81,16736.63,3888.87320114505,4820.05321654242,6668.55847258026,
43866.19,19420.11,37842.71,16763.99,3887.08769214299,4857.3399955594,6632.48492022255,
43866.19,19453.34,37884.39,16791.47,3885.29053042245,4894.5430941609,6596.57721209641,
43866.19,19486.48,37926.79,16819.74,3883.48341053023,4931.62902227745,6560.86738843932,
43866.19,19520.32,37968.88,16848.08,3881.62662417175,4969.40415207285,6524.53444060468,
43866.19,19554,38010.33,16876.26,3879.76301657626,5006.98925271516,6488.47210903309,
43866.19,19587.28,38052.46,16905.22,3877.90654693631,5044.11020500628,6452.9592680247,
43866.19,19621.21,38092.41,16932.88,3876.00124355364,5081.88269144542,6416.85893723783,
43866.19,19653.46,38133.34,16961.54,3874.17104420401,5117.86305056675,6382.64546139066,
43866.19,19686.63,38174.75,16990.84,3872.27853343878,5154.76268965184,6347.57038224805,
43866.19,19720.29,38215.64,17020.05,3870.34567319115,5192.13504353405,6312.08739467128,
43866.19,19753.64,38256.73,17049.7,3868.41563253153,5229.14301558564,6277.0414084243,
43866.19,19787.27,38297.09,17079.08,3866.45696420201,5266.3900876934,6241.82145226661,
43866.19,19820.39,38336.96,17108.39,3864.51176948404,5303.07852976258,6207.23079197281,
43866.19,19853.23,38377.94,17138.85,3862.56917970738,5339.42331548931,6173.04811709521,
43866.19,19887.11,38417.91,17168.81,3860.55574576709,5376.78933656689,6137.89813874439,
43866.19,19920.25,38458.29,17199.4,3858.56961210421,5413.35151703458,6103.61697414393,
43866.19,19953.85,38498.69,17230.31,3856.5442419638,5450.33823471102,6068.9708879593,
43866.19,19987.59,38539.26,17261.67,3854.4975010669,5487.41595962504,6034.29055805556,
43866.19,20021.6,38577.55,17291.46,3852.4220265787,5524.71323342349,5999.44684278998,
43866.19,20053.78,38616.43,17322.02,3850.43807287377,5560.08813215903,5966.58107220605,
43866.19,20086.58,38656.15,17353.58,3848.40602981819,5596.04458547245,5933.18833716795,
43866.19,20120.22,38695.6,17385.23,3846.31279916721,5632.797422368,5899.04917185912,
43866.19,20153.76,38734.39,17416.62,3844.21279569627,5669.38286048044,5865.12883393361,
43866.19,20186.85,38773.27,17448.39,3842.12621208764,5705.45594292577,5831.76725939543,
43866.19,20220.13,38811.75,17480.11,3840.015333764,5741.67188556925,5798.31104446036,
43866.19,20253.2,38850.54,17512.42,3837.90539192714,5777.59843923566,5765.18862818087,
43866.19,20286.66,38889.32,17545.03,3835.7593035478,5813.86540318652,5731.77105178601,
43866.19,20320.25,38927.71,17577.61,3833.59352465755,5850.18913382605,5698.3384921942,
43866.19,20353.62,38966.06,17610.46,3831.42862517529,5886.22618242992,5665.23267618803,
43866.19,20387.09,39003.8,17643.07,3829.2457035596,5922.29301738058,5632.13671866768,
43866.19,20420.15,39041.7,17676.15,3827.0756395645,5957.88336837515,5599.553209907,
43866.19,20453.48,39079.48,17709.42,3824.87718113467,5993.67579243922,5566.80329701613,
43866.19,20486.84,39116.48,17742.28,3822.66547195472,6029.42100680463,5534.13502274687,
43866.19,20519.63,39154.8,17776.71,3820.47728157474,6064.53117078488,5502.13280195921,
43866.19,20553.76,39192.27,17810.65,3818.19535643081,6100.88000883827,5468.92742718752,
43866.19,20587.25,39229.45,17844.63,3815.94127050898,6136.52411611688,5436.45463599573,
43866.19,20620.62,39266.11,17878.43,3813.68357576859,6171.9695550572,5404.20896762446,
43867.82,20653.65,39303.32,17913.08,3811.54069727439,6205.37966785323,5373.79539433395,
43871.2,20687.33,39339.67,17947.17,3809.46129586926,6237.58694650881,5344.33584105661,
43876.13,20718.7,39376,17981.49,3807.6970466209,6264.75074998069,5316.09498757371,
43882.73,20748.52,39412.69,18016.38,3806.21280194739,6287.48958830795,5288.38704779901,
43891.09,20777.04,39448.95,18051.01,3805.00817660114,6305.86901083873,5260.92222497267,
43901.03,20803.62,39485.46,18086.02,3804.10749062426,6319.56724041834,5234.30397419369,
43912.74,20828.76,39521.57,18120.71,3803.50299416859,6328.73990861647,5208.01847113229,
43925.98,20852,39557.63,18155.39,3803.2007131321,6333.32046750072,5182.54119091814,
43940.86,20873.57,39593.87,18190.25,3803.19754131922,6333.36850884714,5157.62676406977,
43957.47,20893.59,39630.56,18225.54,3803.49824757956,6328.81186743499,5133.12796620731,
43975.99,20912.14,39666.91,18260.39,3804.11568849341,6319.44273021772,5108.87239172708,
43995.98,20928.83,39703.74,18295.6,3805.0259960645,6305.59762300708,5085.41426958317,
44017.92,20944.01,39741.08,18331.14,3806.25709286252,6286.81253849339,5062.23387682048,
44041.86,20957.62,39776.45,18364.47,3807.81738916554,6262.90254653146,5039.35598683216,
44065.99,20968.9,39812.92,18398.67,3809.54939650124,6236.22659484367,5018.29202167324,
44092.46,20978.86,39849.88,18433.06,3811.62371559087,6204.08948433104,4997.18632912803,
44120.87,20987.24,39887.28,18467.54,3814.00676516948,6166.91106175301,4976.46241408712,
44151.19,20993.98,39924.16,18501.13,3816.69404779877,6124.64896156372,4956.19305102752,
44182.57,20998.96,39961.27,18534.53,3819.59183261372,6078.66740920232,4936.92220010423,
44215.63,21002.29,39999.32,18568.37,3822.75231150458,6028.02243891834,4918.26921715143,
44249.36,21003.99,40037.31,18601.65,3826.13251184348,5973.2703586323,4898.47785833789,
44282.83,21003.99,40075.06,18634.22,3829.62750215131,5916.00419483199,4878.08057509028,
44315.88,21003.99,40113.87,18667.26,3833.02691776228,5859.64696763804,4858.01478691811,
44349.65,21003.99,40151.72,18698.94,3836.45653538013,5802.1129162202,4837.58147845679,
44382.38,21003.99,40190.52,18730.99,3839.72396959832,5746.64916770744,4817.85318616727,
44415.74,21003.99,40229.13,18762.39,3843.01139545851,5690.18636570758,4797.81082217798,
44448.74,21003.99,40269,18794.42,3846.21195855318,5634.56073798991,4778.06257329455,
44482.65,21003.99,40308.15,18825.35,3849.45847198568,5577.45643113756,4757.83712844807,
44515.74,21003.99,40347.95,18856.36,3852.57238299373,5522.02130653646,4738.17022397806,
44549.2,21003.99,40388.37,18887.42,3855.67616792022,5466.10020867955,4718.34769813627,
44583.01,21003.99,40428.01,18917.38,3858.76547687427,5409.75884492331,4698.38843882267,
44615.97,21003.99,40467.62,18946.88,3861.72566471471,5355.11489047356,4678.99176535233,
44648.74,21003.99,40508.53,18976.98,3864.62162469221,5301.01446383264,4659.77481302669,
44682.44,21003.99,40549.3,19006.52,3867.5586478606,5245.47790284909,4640.07647186456,
44715.85,21003.99,40590.01,19035.58,3870.42136632407,5190.67738332587,4620.61125109261,
44749.04,21003.99,40631.88,19065.08,3873.21908815037,5136.4624599398,4601.32794027017,
44783.04,21003.99,40672.87,19093.5,3876.04200368933,5081.07802003385,4581.64381850788,
44816.14,21003.99,40713.9,19121.53,3878.74098275196,5027.46436498342,4562.53200461965,
44849.13,21003.99,40755.21,19149.35,3881.3855821174,4974.2838591625,4543.54507215475,
44882.2,21003.99,40797.66,19177.58,3883.99297443003,4921.20408619995,4524.57081402874,
44916.05,21003.99,40840.13,19205.4,3886.6213673015,4867.02461712328,4505.2024431091,
44949.76,21003.99,40881.61,19232.13,3889.19329607866,4813.33386214963,4485.97161747966,
44982.53,21003.99,40924.43,19259.39,3891.64608019233,4761.48723773761,4467.32744903031,
45016.24,21003.99,40966.34,19285.64,3894.13102474983,4708.29892231765,4448.20313714822,
45049.08,21003.99,41008.91,19311.95,3896.50560032584,4656.82952664884,4429.61924335695,
45082.32,21003.99,41051.95,19338.18,3898.86911447464,4604.95417071553,4410.86498482268,
45115.8,21003.99,41095.14,19364.13,3901.2091786306,4552.93714556141,4392.02294969016,
45149.28,21003.99,41138.13,19389.56,3903.50699132134,4501.20179972707,4373.23416440677,
45182.46,21003.99,41181.88,19415.1,3905.74206599081,4450.23213271412,4354.66086820226,
45216.13,21003.99,41224.65,19439.67,3907.97104490895,4398.74385365133,4335.86518001652,
45248.91,21003.99,41268.32,19464.43,3910.09829083233,4348.97162894505,4317.60651188542,
45282.26,21003.99,41312.54,19489.15,3912.22602784379,4298.54668422785,4299.07373263699,
45315.93,21003.99,41356.3,19513.24,3914.33513247277,4247.90789262297,4280.41334225503,
45349.14,21003.99,41400.38,19537.17,3916.37475289388,4198.29444129197,4262.04894699531,
45382.47,21003.99,41444.83,19560.96,3918.38408004051,4148.77735320883,4243.66106771435,
45415.99,21003.99,41489.44,19584.48,3920.36716114236,4099.26110615691,4225.21257512647,
45449.51,21003.99,41533.31,19607.26,3922.3127250818,4050.03516490808,4206.79965499593,
45482.38,21003.99,41578.11,19630.21,3924.18097299823,4002.14069740802,4188.79123181057,
45515.84,21003.99,41622.91,19652.82,3926.04912370109,3953.61411300113,4170.49403315882,
45549.21,21003.99,41668.03,19675.28,3927.87532916035,3905.54098870016,4152.28754370678,
45582.72,21003.99,41713.71,19697.7,3929.67407065312,3857.55299877237,4134.04119498725,
45616.56,21003.99,41758.6,19719.37,3931.45527179309,3809.38555447235,4115.65387393494,
45649.71,21003.99,41803.31,19740.64,3933.16279287854,3762.58275844574,4097.68034460396,
45682.64,21003.99,41848.48,19761.83,3934.82479821445,3716.41489939766,4079.85953237553,
45715.82,21003.99,41893.92,19782.84,3936.46695336912,3670.18233304639,4061.9359349931,
45749.13,21003.99,41940.22,19803.96,3938.082288779,3624.08449573677,4043.98042645369,
45782.97,21003.99,41985.68,19824.36,3939.69207360691,3577.50920840428,4025.76903917798,
45816.12,21003.99,42030.93,19844.36,3941.23360475675,3532.29047810966,4007.96855016832,
45849.03,21003.99,42076.93,19864.42,3942.73246437951,3487.72083673174,3990.31912860993,
45882.41,21003.99,42122.93,19884.18,3944.22263760904,3442.79741953736,3972.45129428319,
45915.73,21003.99,42169.38,19903.84,3945.67812527713,3398.30725616864,3954.65607995004,
45949.29,21003.99,42215.81,19923.21,3947.11433360581,3353.7894945903,3936.75569306736,
45982.76,21003.99,42262.15,19942.24,3948.51606151863,3309.72583304724,3918.9297137661,
46016.09,21003.99,42308.68,19961.07,3949.88158915221,3266.19261291686,3901.20967136709,
46049.5,21003.99,42355.36,19979.69,3951.22088932845,3222.88944814649,3883.47787177995,
46082.95,21003.99,42401.78,19997.91,3952.53253039616,3179.87507215621,3865.75692311555,
46116.13,21003.99,42448.01,20015.78,3953.80532858263,3137.53818889181,3848.19618708007,
46149.13,21003.99,42494.85,20033.63,3955.04235529541,3095.80520977833,3830.76832313516,
46182.48,21003.99,42541.97,20051.33,3956.26689547537,3053.90111797553,3813.16857712781,
46215.98,21003.99,42589.14,20068.77,3957.4694799147,3012.15086828635,3795.52042667287,
46249.46,21003.99,42638.33,20086.72,3958.64427124763,2970.76972705899,3777.90853814058,
46284.31,21003.99,42683.37,20102.83,3959.84257931702,2927.92750136917,3759.60177157178,
46316.16,21003.99,42730.52,20119.48,3960.90590408403,2889.35340192982,3742.89403867702,
46349.45,21003.99,42777.63,20135.85,3961.99604515138,2849.23870451348,3725.4549859879,
46382.65,21003.99,42824.73,20151.98,3963.0582925892,2809.57415030944,3708.08172677829,
46415.8,21003.99,42872.57,20168.13,3964.09481749708,2770.29819412845,3690.75744557408,
46449.42,21003.99,42919.87,20183.83,3965.12230291727,2730.78306368911,3673.21128741032,
46482.6,21003.99,42968.34,20199.69,3966.11185316231,2692.15549291169,3655.91301913137,
46516.55,21003.99,43014.7,20214.59,3967.10222546801,2652.90968324782,3638.23064626505,
46548.98,21003.99,43063.46,20230.06,3968.02268828404,2615.88533588278,3621.36563567155,
46583.04,21003.99,43110.23,20244.63,3968.97007060332,2577.20134729806,3603.66875243895,
46615.67,21003.99,43159.05,20259.65,3969.85291602713,2540.60255424012,3586.73967016998,
46649.68,21003.99,43206.65,20274.03,3970.75405783502,2502.6732952547,3569.10551782064,
46682.79,21003.99,43254.63,20288.31,3971.60818211246,2466.1655877229,3551.96123560612,
46716.13,21003.99,43302.42,20302.3,3972.44780603728,2429.72477337176,3534.71270677408,
46749.3,21003.99,43350.29,20316.09,3973.26219873254,2393.8315158794,3517.57335235078,
46782.48,21003.99,43398.2,20329.68,3974.057185662,2358.24969787097,3500.44084540929,
46815.64,21003.98,43446.72,20343.23,3974.83233298464,2323.01474838815,3483.33538841941,
46849.2,21003.98,43495.48,20356.63,3975.59755812617,2287.68244654563,3466.04381306274,
46882.88,21003.98,43543.67,20369.65,3976.34635223467,2252.55663960533,3448.70359881523,
46916.13,21003.98,43595.9,20383.59,3977.06624819804,2218.24715291043,3431.59878718071,
46952.14,21003.98,43640.46,20395.19,3977.82979903774,2181.25120073145,3413.09488234045,
46982.81,21003.98,43688.51,20407.54,3978.45622085403,2150.41158272605,3397.34408697304,
47015.86,21003.98,43736.86,20419.78,3979.11820687278,2117.32036183338,3380.38500434689,
47049.08,21003.98,43786.11,20432.05,3979.76688445571,2084.37207079281,3363.35126191593,
47082.89,21003.98,43834.68,20443.95,3980.41055094351,2051.14252642713,3346.02907260796,
47116.21,21003.98,43883.02,20455.59,3981.02743565723,2018.77029438606,3328.97313006256,
47149.34,21003.98,43931.64,20467.1,3981.62438361042,1986.93078388348,3312.02981558727,
47182.63,21003.98,43979.8,20478.31,3982.20865157974,1955.25451510736,3295.01764991085,
47215.57,21003.98,44028.89,20489.56,3982.77122851245,1924.25102144605,3278.19053250376,
47249.13,21003.98,44078.67,20500.78,3983.32974591723,1892.95864142655,3261.06230747974,
47283.12,21003.98,44127.69,20511.63,3983.8806648027,1861.56643457492,3243.72208769437,
47316.57,21003.98,44175.47,20522.02,3984.40746983586,1831.03523384132,3226.6700074448,
47349.16,21003.98,44224.45,20532.5,3984.90559758029,1801.68131158886,3210.07122419651,
47382.53,21003.98,44273.22,20542.75,3985.40281241059,1771.8875360397,3193.0820565909,
47415.74,21003.97,44321.99,20552.83,3985.88396908491,1742.56258654586,3176.18241364077,
47448.92,21003.97,44371.4,20562.87,3986.35124810308,1713.5950493872,3159.30899509249,
47482.52,21003.97,44420.7,20572.71,3986.81184850319,1684.54614321987,3142.23055335539,
47516.02,21003.97,44470.04,20582.39,3987.25772413004,1655.93289300929,3125.21353256898,
47549.52,21003.97,44519.14,20591.85,3987.69116857094,1627.62794069636,3108.20288550571,
47582.84,21003.97,44568.22,20601.14,3988.10967043417,1599.81665885643,3091.29626202414,
47616.13,21003.97,44616.89,20610.18,3988.51594792975,1572.34054217306,3074.41350257468,
47649.11,21003.97,44666.61,20619.27,3988.90669768626,1545.44744874833,3057.69022385759,
47682.8,21003.97,44716.13,20628.15,3989.29482540267,1518.25705960158,3040.62131350288,
47716.32,21003.97,44764.98,20636.75,3989.66958561134,1491.52682478494,3023.64292065856,
47749.38,21003.97,44814.48,20645.32,3990.02814816099,1465.48994383632,3006.90683485078,
47782.86,21003.97,44863.33,20653.61,3990.3807070475,1439.42441621674,2989.96849476636,
47815.88,21003.97,44912.95,20661.89,3990.71790010153,1414.04030598301,2973.26289611402,
47849.41,21003.97,44961.7,20669.86,3991.05039304769,1388.55066986749,2956.3122099512,
47882.33,21003.97,45011.59,20677.88,3991.36673288293,1363.85247660583,2939.67384071893,
47916,21003.97,45061.83,20685.81,3991.68110385075,1338.85205542184,2922.65929652,
47949.9,21003.97,45110.86,20693.4,3991.98792547114,1313.98885009004,2905.54321892524,
47982.97,21003.97,45160.07,20700.87,3992.27753459262,1290.07671077386,2888.84989002504,
48016.14,21003.97,45209.43,20708.22,3992.5592830534,1266.37638094837,2872.10673658476,
48049.4,21003.97,45258.61,20715.41,3992.83307993901,1242.9081800747,2855.32814872164,
48082.53,21003.97,45308.63,20722.59,3993.09724970428,1219.8336033897,2838.62083486073,
48116.2,21003.97,45358.08,20729.55,3993.35774193862,1196.64104509702,2821.6420594716,
48149.49,21003.97,45407.61,20736.39,3993.60681366626,1174.03350545868,2804.86814073805,
48182.82,21003.97,45457.02,20743.07,3993.84833459453,1151.68436539619,2788.07488565976,
48216.05,21003.97,45506.33,20749.61,3994.08144316,1129.69135209487,2771.33682146472,
48249.2,21003.97,45556.87,20756.2,3994.30650575135,1108.04041209387,2754.64182466524,
48283.17,21003.97,45605.97,20762.46,3994.53002794573,1086.10766073241,2737.54165245656,
48316.17,21003.97,45656.04,20768.72,3994.7395826672,1065.1326654824,2720.93613488224,
48349.8,21003.97,45705.49,20774.78,3994.94648754616,1044.0069416157,2704.01317566223,
48383.01,21003.97,45754.68,20780.68,3995.14386188736,1023.44554336907,2687.30637348786,
48416.03,21002.33,45804.56,20786.51,3995.40130972866,995.984589790622,2670.56240032531,
48449.5,20998.99,45854.58,20792.14,3995.71957937645,960.945884209007,2653.46250974851,
48481.37,20993.96,45904.2,20797.49,3996.08348562152,919.239396446494,2634.52788219606,
48511.3,20987.3,45953.38,20802.51,3996.4811149901,871.377815176704,2614.00011464486,
48539.32,20979.09,46003.95,20807.35,3996.9031295379,817.508392644517,2591.96049555083,
48566.4,20968.92,46052.86,20811.67,3997.35801414763,755.135284638329,2567.53457615998,
48590.96,20957.49,46103.03,20815.71,3997.80527591347,688.300080287595,2542.28806139143,
48614.45,20944.08,46152.72,20819.27,3998.26178400303,612.588226981726,2514.7017272862,
48636.05,20929.15,46202.39,20822.35,3998.69668378219,530.480255159943,2485.75700139043,
48655.97,20912.6,46252.51,20824.93,3999.0989804363,441.099857204636,2455.24487029047,
48674.39,20894.21,46303.3,20826.96,3999.45470996477,343.167475130265,2422.87110904656,
48691.32,20873.87,46352.79,20828.32,3999.74284707634,235.671096151727,2388.47398973773,
48706.17,20852.43,46402.73,20829.04,3999.93004925367,122.918887657581,2353.50711459039,
48719.49,20829.13,46452.38,20829.04,3999.99999889795,0.487896838776416,2316.76200290925,
48731.09,20804.33,46502.36,20828.29,3999.9216131349,-130.119851526209,2278.84666598183,
48741.1,20777.7,46553.78,20826.66,3999.6597467581,-271.085607898589,2239.31754282538,
48749.64,20748.52,46602.79,20824.21,3999.15674924634,-426.728682541567,2197.25420658523,
48756.18,20719.08,46652.54,20820.81,3998.41403237671,-585.158580812716,2155.95902961568,
48761.17,20687.51,46702.29,20816.41,3997.34423819448,-757.099932451477,2112.83791272295,
48764.5,20654.23,46752.1,20810.91,3995.89749826379,-940.787130696825,2068.57985606613,
48766.18,20620.83,46800.96,20804.44,3994.1041883916,-1127.52228248341,2023.02551911655,
48766.2,20587.97,46851.02,20796.7,3991.98961836728,-1313.85034903814,1977.12086432916,
48766.2,20554.22,46900.13,20787.95,3989.44979005748,-1507.2622071206,1930.47167104672,
48766.2,20520.98,46948.93,20778.13,3986.57520518699,-1699.53363763046,1885.07263844282,
48766.2,20487.81,46998.12,20767.04,3983.3276930245,-1893.07462609975,1840.31830035785,
48766.2,20454.21,47046.57,20754.94,3979.64222581671,-2090.74514228563,1795.5449666792,
48766.2,20420.94,47094.95,20741.65,3975.59057245404,-2288.00753214131,1751.76447874966,
48766.2,20387.52,47142.73,20727.3,3971.10955273902,-2487.54575143347,1708.35397939939,
48766.2,20354.3,47190.57,20711.69,3966.23817243615,-2687.18295727047,1665.76304158224,
48766.2,20320.79,47238.11,20694.89,3960.89918258078,-2889.59893091348,1623.39637628338,
48766.2,20287.22,47284.43,20677.26,3955.11308629364,-3093.40104459428,1581.53042743073,
48766.2,20254.24,47330.72,20658.35,3948.99575662789,-3294.50263748757,1540.96851471849,
48766.2,20220.96,47376.49,20638.33,3942.38869325843,-3497.99682117881,1500.63532675003,
48766.2,20187.73,47422.11,20617.02,3935.34877634943,-3701.73066230699,1460.93531703393,
48766.2,20154.24,47467,20594.67,3927.8086745614,-3907.30693511513,1421.52706967183,
48766.2,20120.9,47512.13,20570.76,3919.85570956055,-4112.09442323438,1382.89210353248,
48766.2,20086.95,47555.61,20546.32,3911.30383986071,-4320.48166609932,1344.15826586072,
48766.2,20053.8,47598.17,20520.99,3902.51017586525,-4523.7266009871,1306.9466033987,
48766.2,20020.89,47640.76,20494.17,3893.35069399043,-4725.0744014237,1270.58592889216,
48766.2,19987.46,47682.5,20466.38,3883.62250669375,-4928.78582428355,1234.24785490029,
48766.2,19954.17,47723.77,20437.37,3873.51072985458,-5130.77264260988,1198.65162074675,
48766.2,19920.69,47763.7,20407.79,3862.92812072817,-5332.72961797064,1163.44611804813,
48766.2,19887.71,47803.86,20376.41,3852.10669948498,-5530.35367687189,1129.36610564223,
48766.2,19853.92,47842.62,20344.53,3840.63487537976,-5731.07111531396,1095.02826420886,
48766.2,19820.64,47880.76,20311.51,3828.96025638825,-5926.98945575495,1061.81305699676,
48766.2,19787.2,47917.71,20277.88,3816.87879867717,-6121.73012615086,1029.02478729295,
48766.2,19754.1,47954.25,20242.91,3804.58347629435,-6312.33279362935,997.127183028214,
48766.2,19720.62,47989.44,20207.54,3791.84378922518,-6502.47176123408,965.431543788877,
48766.2,19687.59,48024.22,20170.8,3778.98259271396,-6687.48146200451,934.723173160924,
48766.2,19654.11,48058.34,20132.92,3765.70106736451,-6871.81794598537,904.153779020757,
48766.2,19620.39,48091,20094.88,3752.09198910788,-7054.17824850846,873.923558543689,
48766.2,19587.25,48122.46,20056.44,3738.49375587155,-7230.30050999441,844.740565812006,
48766.2,19554.41,48153.54,20016.57,3724.84341677914,-7401.41672775957,816.349309003306,
48766.2,19521.02,48183.94,19975.6,3710.84372953004,-7571.41051540604,787.984496426472,
48766.2,19487.34,48212.74,19934.92,3696.62863502533,-7738.70076535104,759.885086553281,
48766.2,19454.44,48241.57,19892.07,3682.63110607272,-7898.52952804575,732.923026355032,
48766.2,19422.12,48268.64,19850.16,3669.71242232171,-8041.98223949633,704.341472962735,
48766.2,19392.51,48295.22,19807.38,3658.63000988752,-8162.1055705259,676.023258666082,
48766.2,19364.29,48321.43,19763.76,3649.0395473529,-8263.96631008617,646.640021123576,
48766.2,19337.48,48346.66,19720.68,3641.0676595958,-8347.21490087518,616.060109439853,
48766.2,19312.8,48372.13,19676.13,3634.89017508163,-8410.86471377129,585.133676835721,
48766.2,19289.16,48396.96,19632.11,3630.53119017176,-8455.33613118181,552.300487710042,
48766.2,19267.53,48421.74,19587.81,3628.13823083107,-8479.59688611324,518.894245238321,
48766.2,19247.5,48446.31,19543.88,3627.88168485173,-8482.19147721436,484.215747712948,
48766.2,19229.27,48471.27,19499.5,3629.86502137463,-8462.10082064476,448.672593776077,
48766.2,19212.53,48496.08,19456.18,3634.52362074219,-8414.61834002521,411.49940826649,
48766.2,19197.73,48521.43,19412.99,3641.79325375398,-8339.68989356054,373.844151491618,
48766.2,19184.52,48548.34,19368.63,3652.37942830655,-8228.70836718699,334.830312488069,
48766.2,19172.58,48575.2,19326.78,3667.80748751424,-8062.81917326996,293.086840158127,
48766.2,19162.74,48603.95,19284.73,3687.01174417491,-7849.01395431952,251.771439449667,
48766.2,19154.36,48633.84,19244.88,3713.37532654283,-7541.06561386197,208.138361162877,
48766.2,19147.77,48666.59,19206.05,3747.3728447194,-7115.96624629381,164.157192020751,
48766.2,19142.74,48701.99,19170.99,3795.61848576032,-6446.87555338286,118.031340268787,
48766.2,19139.44,48743.09,19140.79,3864.86793433252,-5296.38313344567,71.5476733396583,
48766.2,19137.76,48791.61,19131.85,3988.6995479616,-1559.76290850138,23.3084705654783,18.0354421

